{"stats":{"minecraft:crafted":{"minecraft:oak_door":3,"minecraft:oak_planks":20,"minecraft:diamond_sword":1,"minecraft:crafting_table":1,"minecraft:diamond_axe":1,"minecraft:wooden_pickaxe":1,"minecraft:furnace":1,"minecraft:birch_planks":52,"minecraft:stone_axe":1,"minecraft:air":0,"minecraft:diamond_helmet":1,"minecraft:bow":2,"minecraft:diamond_leggings":1,"minecraft:diamond_pickaxe":1,"minecraft:shield":1,"minecraft:stick":8,"minecraft:iron_ingot":22,"minecraft:iron_pickaxe":1,"minecraft:stone_pickaxe":1,"minecraft:gold_ingot":27,"minecraft:diamond_chestplate":1},"minecraft:custom":{"minecraft:interact_with_furnace":2,"minecraft:mob_kills":2,"minecraft:interact_with_crafting_table":15,"minecraft:leave_game":1,"minecraft:time_since_death":25539,"minecraft:sleep_in_bed":1,"minecraft:time_since_rest":3551,"minecraft:sprint_one_cm":45663,"minecraft:damage_taken":583,"minecraft:walk_one_cm":49273,"minecraft:drop":33,"minecraft:damage_dealt":245,"minecraft:swim_one_cm":49687,"minecraft:fly_one_cm":49271,"minecraft:open_chest":35,"minecraft:crouch_one_cm":1755,"minecraft:play_time":25539,"minecraft:sneak_time":1422,"minecraft:walk_under_water_one_cm":20093,"minecraft:jump":369,"minecraft:walk_on_water_one_cm":5381,"minecraft:total_world_time":25539,"minecraft:fall_one_cm":8528},"minecraft:mined":{"minecraft:oak_door":4,"minecraft:basalt":1,"minecraft:crafting_table":2,"minecraft:grass_block":1,"minecraft:seagrass":1,"minecraft:polished_blackstone_bricks":1,"minecraft:tall_seagrass":1,"minecraft:birch_log":13,"minecraft:iron_ore":16,"minecraft:gold_block":1,"minecraft:coal_ore":10,"minecraft:oak_log":5,"minecraft:dirt":6,"minecraft:stone":21,"minecraft:netherrack":42},"minecraft:picked_up":{"minecraft:birch_log":13,"minecraft:crafting_table":2,"minecraft:basalt":1,"minecraft:leather":3,"minecraft:lead":1,"minecraft:gold_block":1,"minecraft:nether_brick":13,"minecraft:oak_log":5,"minecraft:dirt":7,"minecraft:blackstone":23,"minecraft:soul_sand":9,"minecraft:raw_iron":16,"minecraft:oak_door":8,"minecraft:gravel":13,"minecraft:porkchop":3,"minecraft:polished_blackstone_bricks":2,"minecraft:diamond_boots":1,"minecraft:cracked_polished_blackstone_bricks":2,"minecraft:gold_ingot":9,"minecraft:oak_leaves":105,"minecraft:netherrack":71,"minecraft:coal":10,"minecraft:obsidian":1,"minecraft:crimson_nylium":9,"minecraft:cobblestone":21},"minecraft:dropped":{"minecraft:crimson_nylium":9,"minecraft:stone_axe":1,"minecraft:diamond":5,"minecraft:arrow":19,"minecraft:bow":1,"minecraft:stone_pickaxe":1,"minecraft:wooden_pickaxe":1,"minecraft:iron_pickaxe":1,"minecraft:gold_ingot":13},"minecraft:killed":{"minecraft:piglin":1,"minecraft:hoglin":1},"minecraft:used":{"minecraft:birch_planks":14,"minecraft:stone_pickaxe":45,"minecraft:oak_planks":3,"minecraft:wooden_pickaxe":8,"minecraft:netherrack":63,"minecraft:oak_door":8,"minecraft:dirt":7,"minecraft:crafting_table":3,"minecraft:iron_pickaxe":45,"minecraft:stone_axe":22,"minecraft:basalt":1,"minecraft:cobblestone":2}},"DataVersion":3953}