{"stats":{"minecraft:dropped":{"minecraft:crimson_nylium":9,"minecraft:iron_sword":1,"minecraft:birch_planks":68,"minecraft:diamond_axe":4,"minecraft:lapis_lazuli":1305,"minecraft:cooked_beef":7,"minecraft:oak_log":3222,"minecraft:baked_potato":5,"minecraft:glass_bottle":1,"minecraft:ender_pearl":1,"minecraft:diamond":85,"minecraft:crafting_table":1,"minecraft:decorated_pot":2,"minecraft:netherite_upgrade_smithing_template":1,"minecraft:leather":4,"minecraft:cracked_stone_bricks":2,"minecraft:saddle":1,"minecraft:rail":3,"minecraft:emerald":21,"minecraft:cobblestone_stairs":3,"minecraft:dirt":36,"minecraft:scrape_pottery_sherd":1,"minecraft:axolotl_bucket":1,"minecraft:iron_pickaxe":2,"minecraft:birch_log":6,"minecraft:cauldron":4,"minecraft:gold_ingot":24,"minecraft:bone":28,"minecraft:gravel":11,"minecraft:stone_axe":1,"minecraft:blackstone":3,"minecraft:sugar_cane":20,"minecraft:cooked_chicken":4,"minecraft:golden_chestplate":1,"minecraft:cobbled_deepslate":46,"minecraft:rotten_flesh":83,"minecraft:oak_planks":5,"minecraft:diamond_shovel":3,"minecraft:end_stone":10,"minecraft:carrot":3,"minecraft:tipped_arrow":2,"minecraft:ladder":1,"minecraft:chest":1,"minecraft:breeze_rod":2,"minecraft:arrow":169,"minecraft:iron_bars":2,"minecraft:chiseled_tuff":1,"minecraft:glass":1,"minecraft:netherrack":222,"minecraft:enchanted_book":2,"minecraft:iron_ingot":69,"minecraft:bread":3,"minecraft:wheat_seeds":11,"minecraft:mossy_cobblestone":7,"minecraft:minecart":2,"minecraft:diamond_leggings":10,"minecraft:oak_fence":3,"minecraft:cobblestone":250,"minecraft:waxed_copper_grate":2,"minecraft:observer":2,"minecraft:polished_tuff":1,"minecraft:granite":17,"minecraft:stick":1,"minecraft:lava_bucket":1,"minecraft:iron_block":2,"minecraft:diorite":22,"minecraft:torch":1,"minecraft:map":10,"minecraft:diamond_helmet":29,"minecraft:fire_charge":1,"minecraft:iron_leggings":1,"minecraft:iron_axe":2,"minecraft:flow_banner_pattern":1,"minecraft:string":2,"minecraft:bucket":4,"minecraft:redstone":417,"minecraft:furnace":6,"minecraft:tuff_bricks":25,"minecraft:cobblestone_wall":2,"minecraft:diamond_hoe":3,"minecraft:tuff":130,"minecraft:smoker":2,"minecraft:name_tag":2,"minecraft:cobbled_deepslate_slab":64,"minecraft:oak_sign":1,"minecraft:glass_pane":6,"minecraft:flint_and_steel":1,"minecraft:blast_furnace":2,"minecraft:filled_map":1,"minecraft:diamond_sword":29,"minecraft:potato":1,"minecraft:shield":2,"minecraft:diamond_chestplate":4,"minecraft:diamond_pickaxe":11,"minecraft:andesite":5,"minecraft:mossy_stone_bricks":2,"minecraft:oak_boat":1,"minecraft:oak_sapling":2,"minecraft:golden_sword":1,"minecraft:stone_bricks":3,"minecraft:spider_eye":3,"minecraft:diamond_boots":8,"minecraft:waxed_chiseled_copper":1,"minecraft:bow":5,"minecraft:stone_pickaxe":1,"minecraft:wooden_pickaxe":1,"minecraft:brick":10},"minecraft:custom":{"minecraft:interact_with_crafting_table":114,"minecraft:open_barrel":2,"minecraft:leave_game":13,"minecraft:time_since_death":26046,"minecraft:sprint_one_cm":888601,"minecraft:damage_blocked_by_shield":254,"minecraft:drop":426,"minecraft:talked_to_villager":17,"minecraft:play_time":621077,"minecraft:deaths":30,"minecraft:jump":10657,"minecraft:walk_on_water_one_cm":56471,"minecraft:enchant_item":72,"minecraft:interact_with_furnace":38,"minecraft:traded_with_villager":20,"minecraft:sleep_in_bed":12,"minecraft:damage_dealt":23013,"minecraft:player_kills":10,"minecraft:crouch_one_cm":161247,"minecraft:inspect_dispenser":1,"minecraft:use_cauldron":6,"minecraft:horse_one_cm":33551,"minecraft:interact_with_smithing_table":11,"minecraft:interact_with_anvil":12,"minecraft:mob_kills":153,"minecraft:climb_one_cm":3247,"minecraft:walk_one_cm":1642793,"minecraft:strider_one_cm":445900,"minecraft:sneak_time":47293,"minecraft:walk_under_water_one_cm":134791,"minecraft:boat_one_cm":12278,"minecraft:total_world_time":621077,"minecraft:interact_with_grindstone":1,"minecraft:time_since_rest":26205,"minecraft:damage_absorbed":60,"minecraft:damage_taken":33114,"minecraft:swim_one_cm":79923,"minecraft:fly_one_cm":2080113,"minecraft:open_chest":413,"minecraft:fall_one_cm":375971},"minecraft:crafted":{"minecraft:oak_planks":508,"minecraft:blaze_powder":10,"minecraft:diamond_shovel":5,"minecraft:bookshelf":4,"minecraft:mace":1,"minecraft:hopper":8,"minecraft:diamond_helmet":27,"minecraft:diamond_leggings":12,"minecraft:bow":2,"minecraft:chest":33,"minecraft:diamond_axe":8,"minecraft:map":10,"minecraft:crafting_table":3,"minecraft:wooden_pickaxe":1,"minecraft:birch_planks":148,"minecraft:cartography_table":1,"minecraft:book":13,"minecraft:paper":45,"minecraft:diamond_pickaxe":16,"minecraft:shield":1,"minecraft:stick":112,"minecraft:compass":10,"minecraft:iron_ingot":86,"minecraft:iron_pickaxe":1,"minecraft:gold_ingot":99,"minecraft:netherite_ingot":1,"minecraft:deepslate_bricks":264,"minecraft:oak_door":3,"minecraft:furnace":1,"minecraft:piston":48,"minecraft:diamond":9,"minecraft:polished_deepslate":264,"minecraft:stone_pickaxe":1,"minecraft:diamond_boots":8,"minecraft:filled_map":10,"minecraft:netherite_scrap":1,"minecraft:observer":13,"minecraft:cooked_beef":43,"minecraft:crimson_planks":52,"minecraft:diamond_sword":25,"minecraft:bucket":3,"minecraft:stone_axe":1,"minecraft:air":0,"minecraft:golden_apple":8,"minecraft:diamond_chestplate":7},"minecraft:used":{"minecraft:chest":7,"minecraft:shield":3,"minecraft:iron_sword":55,"minecraft:rotten_flesh":8,"minecraft:tuff":55,"minecraft:obsidian":1,"minecraft:glass":173,"minecraft:lava_bucket":66,"minecraft:stone_bricks":3,"minecraft:magma_block":4,"minecraft:bow":104,"minecraft:egg":1,"minecraft:golden_boots":2,"minecraft:diorite":26,"minecraft:diamond_boots":5,"minecraft:warped_fungus_on_a_stick":505,"minecraft:oak_planks":129,"minecraft:stone_pickaxe":45,"minecraft:ender_pearl":3,"minecraft:blackstone":86,"minecraft:wooden_pickaxe":8,"minecraft:diamond_axe":837,"minecraft:sugar_cane":60,"minecraft:oak_leaves":101,"minecraft:golden_apple":2,"minecraft:crossbow":2,"minecraft:mace":18,"minecraft:bread":27,"minecraft:gravel":13,"minecraft:nether_wart_block":3,"minecraft:diamond_sword":716,"minecraft:fire_charge":1,"minecraft:andesite":13,"minecraft:oak_boat":1,"minecraft:oak_trapdoor":2,"minecraft:trident":108,"minecraft:flint_and_steel":15,"minecraft:redstone":44,"minecraft:trial_key":3,"minecraft:netherrack":1025,"minecraft:oak_door":8,"minecraft:dirt":1781,"minecraft:hopper":2,"minecraft:diamond_helmet":4,"minecraft:bookshelf":4,"minecraft:iron_axe":63,"minecraft:crimson_planks":48,"minecraft:diamond_chestplate":7,"minecraft:basalt":1,"minecraft:golden_carrot":50,"minecraft:cooked_beef":31,"minecraft:cobbled_deepslate":412,"minecraft:observer":55,"minecraft:iron_leggings":1,"minecraft:water_bucket":55,"minecraft:birch_planks":604,"minecraft:cartography_table":4,"minecraft:deepslate_bricks":222,"minecraft:polished_blackstone_bricks":17,"minecraft:mossy_cobblestone":27,"minecraft:crafting_table":5,"minecraft:spider_eye":1,"minecraft:smoker":1,"minecraft:oak_log":205,"minecraft:piston":69,"minecraft:diamond_pickaxe":3294,"minecraft:ominous_trial_key":2,"minecraft:diamond_shovel":1661,"minecraft:wind_charge":4,"minecraft:cracked_polished_blackstone_bricks":21,"minecraft:iron_pickaxe":220,"minecraft:stone_axe":22,"minecraft:cobblestone":181,"minecraft:potion":1,"minecraft:cooked_porkchop":17,"minecraft:bucket":129,"minecraft:yellow_bed":3,"minecraft:diamond_leggings":5,"minecraft:smooth_stone":75},"minecraft:broken":{"minecraft:diamond_helmet":2,"minecraft:diamond_boots":1,"minecraft:diamond_chestplate":1},"minecraft:killed":{"minecraft:zombified_piglin":1,"minecraft:spider":1,"minecraft:shulker":1,"minecraft:skeleton":7,"minecraft:axolotl":1,"minecraft:piglin":3,"minecraft:ender_dragon":1,"minecraft:strider":1,"minecraft:zombie":66,"minecraft:stray":14,"minecraft:cow":21,"minecraft:blaze":11,"minecraft:horse":6,"minecraft:hoglin":1,"minecraft:enderman":2},"minecraft:picked_up":{"minecraft:shulker_shell":1,"minecraft:nether_brick_fence":3,"minecraft:lead":3,"minecraft:diamond_sword":29,"minecraft:potion":3,"minecraft:enchanted_book":2,"minecraft:gilded_blackstone":4,"minecraft:nether_brick":13,"minecraft:golden_sword":2,"minecraft:string":4,"minecraft:smooth_stone_slab":30,"minecraft:iron_leggings":2,"minecraft:oak_sign":1,"minecraft:diamond_leggings":23,"minecraft:cobbled_deepslate":729,"minecraft:smooth_stone":3,"minecraft:bucket":9,"minecraft:trial_key":23,"minecraft:netherite_upgrade_smithing_template":2,"minecraft:iron_pickaxe":2,"minecraft:furnace":6,"minecraft:tipped_arrow":262,"minecraft:stick":125,"minecraft:oak_fence":6,"minecraft:torch":7,"minecraft:porkchop":3,"minecraft:waxed_copper_grate":2,"minecraft:diorite":48,"minecraft:golden_chestplate":2,"minecraft:cauldron":8,"minecraft:rotten_flesh":110,"minecraft:iron_block":2,"minecraft:blaze_rod":5,"minecraft:obsidian":17,"minecraft:iron_bars":2,"minecraft:blaze_powder":10,"minecraft:cobblestone":896,"minecraft:birch_log":44,"minecraft:magma_block":4,"minecraft:cooked_beef":125,"minecraft:warped_fungus_on_a_stick":2,"minecraft:water_bucket":5,"minecraft:andesite":22,"minecraft:smoker":3,"minecraft:potato":1,"minecraft:tuff":178,"minecraft:silence_armor_trim_smithing_template":4,"minecraft:map":10,"minecraft:lapis_lazuli":260,"minecraft:dirt":1818,"minecraft:name_tag":2,"minecraft:glass":19,"minecraft:bone":37,"minecraft:chipped_anvil":1,"minecraft:bow":9,"minecraft:wheat_seeds":26,"minecraft:cobbled_deepslate_slab":64,"minecraft:mossy_stone_bricks":2,"minecraft:diamond_helmet":28,"minecraft:oak_planks":176,"minecraft:scrape_pottery_sherd":1,"minecraft:ghast_tear":2,"minecraft:chiseled_polished_blackstone":8,"minecraft:cooked_porkchop":45,"minecraft:axolotl_bucket":2,"minecraft:waxed_chiseled_copper":1,"minecraft:diamond_block":1,"minecraft:mossy_cobblestone":8,"minecraft:spectral_arrow":76,"minecraft:diamond":546,"minecraft:cracked_polished_blackstone_bricks":44,"minecraft:granite":23,"minecraft:crossbow":5,"minecraft:breeze_rod":3,"minecraft:golden_apple":8,"minecraft:emerald":93,"minecraft:bread":28,"minecraft:oak_sapling":11,"minecraft:netherrack":1696,"minecraft:ominous_trial_key":2,"minecraft:oak_leaves":238,"minecraft:crimson_roots":3,"minecraft:diamond_pickaxe":28,"minecraft:crafting_table":4,"minecraft:ladder":1,"minecraft:nether_wart":10,"minecraft:gold_block":8,"minecraft:brick":10,"minecraft:shield":14,"minecraft:wind_charge":70,"minecraft:flow_banner_pattern":8,"minecraft:iron_axe":3,"minecraft:netherite_scrap":11,"minecraft:blackstone":79,"minecraft:glass_pane":6,"minecraft:cracked_stone_bricks":2,"minecraft:cartography_table":3,"minecraft:beef":42,"minecraft:oak_boat":2,"minecraft:chiseled_tuff":1,"minecraft:observer":38,"minecraft:iron_nugget":16,"minecraft:minecart":2,"minecraft:sugar_cane":273,"minecraft:chest":101,"minecraft:diamond_hoe":3,"minecraft:piston":21,"minecraft:egg":1,"minecraft:raw_iron":80,"minecraft:end_stone":19,"minecraft:oak_door":9,"minecraft:fire_charge":4,"minecraft:polished_blackstone_bricks":19,"minecraft:mace":3,"minecraft:trident":5,"minecraft:carrot":3,"minecraft:redstone":467,"minecraft:arrow":451,"minecraft:diamond_chestplate":21,"minecraft:decorated_pot":2,"minecraft:deepslate_bricks":86,"minecraft:diamond_boots":25,"minecraft:gold_ingot":131,"minecraft:tuff_bricks":25,"minecraft:bone_block":1,"minecraft:rail":36,"minecraft:stripped_oak_log":2,"minecraft:basalt":1,"minecraft:golden_carrot":378,"minecraft:crimson_stem":13,"minecraft:leather":91,"minecraft:red_mushroom":1,"minecraft:filled_map":31,"minecraft:birch_planks":997,"minecraft:crimson_fungus":3,"minecraft:oak_log":489,"minecraft:ancient_debris":3,"minecraft:golden_boots":2,"minecraft:yellow_bed":2,"minecraft:nether_wart_block":3,"minecraft:cobblestone_wall":2,"minecraft:cobblestone_stairs":3,"minecraft:stone_bricks":6,"minecraft:iron_ingot":74,"minecraft:cooked_chicken":26,"minecraft:iron_sword":15,"minecraft:soul_sand":9,"minecraft:warped_fungus":2,"minecraft:heavy_core":1,"minecraft:quartz":14,"minecraft:dandelion":2,"minecraft:gravel":95,"minecraft:lava_bucket":5,"minecraft:amethyst_shard":60,"minecraft:blast_furnace":2,"minecraft:crying_obsidian":2,"minecraft:spider_eye":5,"minecraft:polished_tuff":1,"minecraft:diamond_shovel":17,"minecraft:diamond_axe":17,"minecraft:baked_potato":5,"minecraft:crimson_nylium":9,"minecraft:coal":41,"minecraft:hopper":2,"minecraft:ender_pearl":10},"minecraft:mined":{"minecraft:cobblestone_stairs":3,"minecraft:obsidian":3,"minecraft:granite":15,"minecraft:chiseled_polished_blackstone":3,"minecraft:grass_block":1069,"minecraft:cracked_polished_blackstone_bricks":16,"minecraft:deepslate_bricks":22,"minecraft:soul_soil":1,"minecraft:hopper":1,"minecraft:crimson_fungus":1,"minecraft:nether_wart":10,"minecraft:tuff_bricks":19,"minecraft:spawner":1,"minecraft:gilded_blackstone":1,"minecraft:polished_blackstone_bricks":17,"minecraft:tall_seagrass":1,"minecraft:magma_block":4,"minecraft:iron_ore":77,"minecraft:cobbled_deepslate":97,"minecraft:fire":20,"minecraft:polished_tuff":1,"minecraft:enchanting_table":1,"minecraft:dirt_path":66,"minecraft:water_cauldron":4,"minecraft:oak_stairs":2,"minecraft:iron_bars":2,"minecraft:blackstone":60,"minecraft:smoker":2,"minecraft:crimson_nylium":29,"minecraft:soul_fire":2,"minecraft:blast_furnace":1,"minecraft:chest":3,"minecraft:nether_quartz_ore":15,"minecraft:glass":11,"minecraft:cobblestone":804,"minecraft:oak_planks":90,"minecraft:sugar_cane":33,"minecraft:waxed_chiseled_copper":2,"minecraft:seagrass":1,"minecraft:nether_wart_block":3,"minecraft:birch_log":46,"minecraft:waxed_oxidized_cut_copper_stairs":1,"minecraft:stone_brick_stairs":1,"minecraft:warped_fungus":1,"minecraft:smooth_stone_slab":15,"minecraft:oak_log":308,"minecraft:dirt":573,"minecraft:ancient_debris":1,"minecraft:netherrack":777,"minecraft:piston":21,"minecraft:deepslate":646,"minecraft:oak_leaves":79,"minecraft:diamond_ore":1,"minecraft:tuff":58,"minecraft:mossy_cobblestone":8,"minecraft:deepslate_diamond_ore":140,"minecraft:oak_door":5,"minecraft:end_stone":22,"minecraft:decorated_pot":4,"minecraft:crimson_roots":4,"minecraft:redstone_wire":3,"minecraft:cartography_table":3,"minecraft:crimson_stem":15,"minecraft:waxed_copper_grate":2,"minecraft:andesite":35,"minecraft:gold_block":9,"minecraft:chiseled_tuff":2,"minecraft:nether_brick_fence":1,"minecraft:deepslate_iron_ore":3,"minecraft:rail":33,"minecraft:stripped_oak_log":2,"minecraft:stone":440,"minecraft:glass_pane":4,"minecraft:basalt":1,"minecraft:observer":7,"minecraft:oak_fence":7,"minecraft:crafting_table":3,"minecraft:short_grass":58,"minecraft:tall_grass":2,"minecraft:diorite":39,"minecraft:birch_planks":293,"minecraft:cobblestone_wall":1,"minecraft:yellow_bed":1,"minecraft:coal_ore":10,"minecraft:end_rod":1,"minecraft:gravel":14,"minecraft:cracked_stone_bricks":2,"minecraft:stone_bricks":6,"minecraft:mossy_stone_bricks":5,"minecraft:chipped_anvil":1},"minecraft:killed_by":{"minecraft:zombified_piglin":1,"minecraft:creeper":1,"minecraft:player":20,"minecraft:ender_dragon":1}},"DataVersion":3953}