{"stats":{"minecraft:killed_by":{"minecraft:player":5,"minecraft:zombified_piglin":1,"minecraft:creeper":1},"minecraft:dropped":{"minecraft:crimson_nylium":9,"minecraft:iron_ingot":56,"minecraft:iron_sword":1,"minecraft:wheat_seeds":4,"minecraft:diamond":32,"minecraft:diamond_leggings":3,"minecraft:granite":3,"minecraft:saddle":1,"minecraft:dirt":20,"minecraft:diamond_helmet":2,"minecraft:iron_leggings":1,"minecraft:iron_axe":1,"minecraft:iron_pickaxe":2,"minecraft:gold_ingot":13,"minecraft:bone":1,"minecraft:gravel":11,"minecraft:stone_axe":1,"minecraft:cobbled_deepslate":1,"minecraft:rotten_flesh":4,"minecraft:diamond_shovel":1,"minecraft:diamond_chestplate":3,"minecraft:diamond_pickaxe":1,"minecraft:spider_eye":3,"minecraft:arrow":19,"minecraft:bow":1,"minecraft:wooden_pickaxe":1,"minecraft:stone_pickaxe":1,"minecraft:netherrack":1},"minecraft:broken":{"minecraft:diamond_helmet":1,"minecraft:diamond_boots":1},"minecraft:used":{"minecraft:chest":3,"minecraft:shield":3,"minecraft:iron_sword":11,"minecraft:netherrack":534,"minecraft:oak_door":8,"minecraft:dirt":218,"minecraft:hopper":1,"minecraft:tuff":55,"minecraft:lava_bucket":10,"minecraft:iron_axe":59,"minecraft:crimson_planks":48,"minecraft:diamond_chestplate":2,"minecraft:basalt":1,"minecraft:magma_block":4,"minecraft:bow":6,"minecraft:cooked_beef":2,"minecraft:cobbled_deepslate":412,"minecraft:iron_leggings":1,"minecraft:golden_boots":2,"minecraft:water_bucket":3,"minecraft:diorite":26,"minecraft:diamond_boots":2,"minecraft:warped_fungus_on_a_stick":366,"minecraft:birch_planks":14,"minecraft:stone_pickaxe":45,"minecraft:oak_planks":48,"minecraft:blackstone":22,"minecraft:wooden_pickaxe":8,"minecraft:diamond_axe":39,"minecraft:polished_blackstone_bricks":17,"minecraft:oak_leaves":101,"minecraft:mossy_cobblestone":26,"minecraft:crafting_table":4,"minecraft:oak_log":5,"minecraft:diamond_pickaxe":2162,"minecraft:diamond_shovel":5,"minecraft:bread":21,"minecraft:iron_pickaxe":45,"minecraft:gravel":13,"minecraft:stone_axe":22,"minecraft:nether_wart_block":3,"minecraft:diamond_sword":206,"minecraft:cobblestone":171,"minecraft:cooked_porkchop":15,"minecraft:andesite":13,"minecraft:bucket":14,"minecraft:yellow_bed":2,"minecraft:smooth_stone":75},"minecraft:custom":{"minecraft:mob_kills":19,"minecraft:interact_with_crafting_table":38,"minecraft:leave_game":6,"minecraft:time_since_death":29136,"minecraft:sprint_one_cm":251836,"minecraft:walk_one_cm":447899,"minecraft:damage_blocked_by_shield":254,"minecraft:drop":73,"minecraft:strider_one_cm":445900,"minecraft:play_time":202087,"minecraft:sneak_time":20154,"minecraft:deaths":11,"minecraft:walk_under_water_one_cm":31034,"minecraft:boat_one_cm":12278,"minecraft:jump":3565,"minecraft:walk_on_water_one_cm":13874,"minecraft:total_world_time":202087,"minecraft:interact_with_furnace":8,"minecraft:interact_with_grindstone":1,"minecraft:sleep_in_bed":5,"minecraft:time_since_rest":29166,"minecraft:damage_taken":18333,"minecraft:damage_dealt":5490,"minecraft:swim_one_cm":56624,"minecraft:fly_one_cm":421182,"minecraft:open_chest":104,"minecraft:crouch_one_cm":72848,"minecraft:fall_one_cm":139925},"minecraft:mined":{"minecraft:diamond_ore":1,"minecraft:tuff":40,"minecraft:deepslate_diamond_ore":72,"minecraft:oak_door":4,"minecraft:obsidian":3,"minecraft:granite":3,"minecraft:chiseled_polished_blackstone":1,"minecraft:grass_block":9,"minecraft:cracked_polished_blackstone_bricks":15,"minecraft:crimson_roots":4,"minecraft:soul_soil":1,"minecraft:crimson_fungus":1,"minecraft:nether_wart":10,"minecraft:gilded_blackstone":1,"minecraft:crimson_stem":15,"minecraft:polished_blackstone_bricks":17,"minecraft:tall_seagrass":1,"minecraft:magma_block":4,"minecraft:iron_ore":77,"minecraft:cobbled_deepslate":89,"minecraft:fire":15,"minecraft:andesite":22,"minecraft:gold_block":8,"minecraft:nether_brick_fence":1,"minecraft:deepslate_iron_ore":3,"minecraft:dirt_path":8,"minecraft:stone":231,"minecraft:blackstone":30,"minecraft:crimson_nylium":29,"minecraft:basalt":1,"minecraft:crafting_table":2,"minecraft:short_grass":16,"minecraft:cobblestone":452,"minecraft:oak_planks":7,"minecraft:diorite":26,"minecraft:seagrass":1,"minecraft:nether_wart_block":3,"minecraft:birch_log":13,"minecraft:warped_fungus":1,"minecraft:oak_log":14,"minecraft:coal_ore":10,"minecraft:gravel":11,"minecraft:dirt":33,"minecraft:netherrack":711,"minecraft:ancient_debris":1,"minecraft:oak_leaves":11,"minecraft:deepslate":357},"minecraft:picked_up":{"minecraft:crafting_table":2,"minecraft:nether_brick_fence":3,"minecraft:nether_wart":10,"minecraft:lead":3,"minecraft:diamond_sword":4,"minecraft:gold_block":7,"minecraft:gilded_blackstone":1,"minecraft:nether_brick":13,"minecraft:shield":5,"minecraft:iron_axe":2,"minecraft:iron_leggings":2,"minecraft:blackstone":52,"minecraft:diamond_leggings":7,"minecraft:cobbled_deepslate":438,"minecraft:bucket":2,"minecraft:oak_boat":1,"minecraft:iron_pickaxe":2,"minecraft:chest":3,"minecraft:stick":36,"minecraft:raw_iron":80,"minecraft:oak_door":8,"minecraft:porkchop":3,"minecraft:polished_blackstone_bricks":19,"minecraft:diorite":26,"minecraft:diamond_chestplate":8,"minecraft:arrow":44,"minecraft:rotten_flesh":4,"minecraft:diamond_boots":9,"minecraft:gold_ingot":67,"minecraft:blaze_rod":5,"minecraft:obsidian":13,"minecraft:blaze_powder":10,"minecraft:cobblestone":258,"minecraft:birch_log":13,"minecraft:magma_block":4,"minecraft:warped_fungus_on_a_stick":1,"minecraft:cooked_beef":12,"minecraft:basalt":1,"minecraft:crimson_stem":13,"minecraft:water_bucket":2,"minecraft:andesite":13,"minecraft:leather":3,"minecraft:red_mushroom":1,"minecraft:birch_planks":64,"minecraft:crimson_fungus":2,"minecraft:tuff":39,"minecraft:oak_log":13,"minecraft:ancient_debris":3,"minecraft:golden_boots":1,"minecraft:yellow_bed":1,"minecraft:nether_wart_block":3,"minecraft:dirt":167,"minecraft:bone":3,"minecraft:bow":4,"minecraft:wheat_seeds":6,"minecraft:iron_ingot":68,"minecraft:cooked_chicken":10,"minecraft:diamond_helmet":9,"minecraft:iron_sword":2,"minecraft:oak_planks":15,"minecraft:soul_sand":9,"minecraft:ghast_tear":2,"minecraft:warped_fungus":1,"minecraft:chiseled_polished_blackstone":2,"minecraft:cooked_porkchop":45,"minecraft:gravel":24,"minecraft:lava_bucket":1,"minecraft:spider_eye":3,"minecraft:diamond_shovel":3,"minecraft:diamond":202,"minecraft:cracked_polished_blackstone_bricks":22,"minecraft:granite":3,"minecraft:diamond_axe":4,"minecraft:golden_apple":2,"minecraft:bread":23,"minecraft:oak_sapling":4,"minecraft:oak_leaves":238,"minecraft:netherrack":713,"minecraft:crimson_nylium":9,"minecraft:coal":25,"minecraft:crimson_roots":3,"minecraft:diamond_pickaxe":7},"minecraft:crafted":{"minecraft:oak_door":3,"minecraft:oak_planks":52,"minecraft:blaze_powder":10,"minecraft:furnace":1,"minecraft:diamond_shovel":1,"minecraft:hopper":1,"minecraft:diamond_helmet":3,"minecraft:bow":2,"minecraft:diamond_leggings":3,"minecraft:stone_pickaxe":1,"minecraft:chest":4,"minecraft:diamond_boots":1,"minecraft:crimson_planks":52,"minecraft:diamond_sword":3,"minecraft:diamond_axe":2,"minecraft:crafting_table":2,"minecraft:wooden_pickaxe":1,"minecraft:bucket":1,"minecraft:birch_planks":52,"minecraft:stone_axe":1,"minecraft:air":0,"minecraft:diamond_pickaxe":3,"minecraft:shield":1,"minecraft:stick":16,"minecraft:iron_ingot":86,"minecraft:iron_pickaxe":1,"minecraft:gold_ingot":27,"minecraft:diamond_chestplate":4},"minecraft:killed":{"minecraft:zombified_piglin":1,"minecraft:skeleton":2,"minecraft:piglin":1,"minecraft:strider":1,"minecraft:hoglin":1,"minecraft:zombie":2,"minecraft:blaze":11}},"DataVersion":3953}