{"stats":{"minecraft:killed_by":{"minecraft:player":4,"minecraft:creeper":1},"minecraft:dropped":{"minecraft:iron_ingot":56,"minecraft:crimson_nylium":9,"minecraft:iron_sword":1,"minecraft:diamond":16,"minecraft:granite":3,"minecraft:dirt":20,"minecraft:iron_leggings":1,"minecraft:iron_axe":1,"minecraft:iron_pickaxe":2,"minecraft:gold_ingot":13,"minecraft:bone":1,"minecraft:gravel":11,"minecraft:stone_axe":1,"minecraft:cobbled_deepslate":1,"minecraft:rotten_flesh":4,"minecraft:diamond_pickaxe":1,"minecraft:spider_eye":3,"minecraft:arrow":19,"minecraft:bow":1,"minecraft:wooden_pickaxe":1,"minecraft:stone_pickaxe":1},"minecraft:used":{"minecraft:chest":2,"minecraft:shield":1,"minecraft:iron_sword":11,"minecraft:netherrack":414,"minecraft:oak_door":8,"minecraft:dirt":147,"minecraft:hopper":1,"minecraft:tuff":44,"minecraft:lava_bucket":3,"minecraft:iron_axe":59,"minecraft:diamond_chestplate":2,"minecraft:basalt":1,"minecraft:bow":6,"minecraft:cooked_beef":2,"minecraft:cobbled_deepslate":365,"minecraft:iron_leggings":1,"minecraft:golden_boots":2,"minecraft:water_bucket":3,"minecraft:diorite":26,"minecraft:diamond_boots":2,"minecraft:birch_planks":14,"minecraft:stone_pickaxe":45,"minecraft:oak_planks":3,"minecraft:wooden_pickaxe":8,"minecraft:diamond_axe":19,"minecraft:oak_leaves":101,"minecraft:crafting_table":3,"minecraft:diamond_pickaxe":1873,"minecraft:diamond_shovel":5,"minecraft:iron_pickaxe":45,"minecraft:gravel":13,"minecraft:stone_axe":22,"minecraft:diamond_sword":23,"minecraft:cobblestone":168,"minecraft:cooked_porkchop":15,"minecraft:andesite":11,"minecraft:bucket":7,"minecraft:yellow_bed":2},"minecraft:crafted":{"minecraft:oak_door":3,"minecraft:oak_planks":52,"minecraft:furnace":1,"minecraft:diamond_shovel":1,"minecraft:hopper":1,"minecraft:diamond_helmet":2,"minecraft:bow":2,"minecraft:diamond_leggings":2,"minecraft:stone_pickaxe":1,"minecraft:chest":4,"minecraft:diamond_sword":2,"minecraft:diamond_axe":2,"minecraft:crafting_table":1,"minecraft:wooden_pickaxe":1,"minecraft:bucket":1,"minecraft:birch_planks":52,"minecraft:stone_axe":1,"minecraft:air":0,"minecraft:diamond_pickaxe":3,"minecraft:shield":1,"minecraft:stick":16,"minecraft:iron_ingot":86,"minecraft:iron_pickaxe":1,"minecraft:gold_ingot":27,"minecraft:diamond_chestplate":2},"minecraft:custom":{"minecraft:mob_kills":6,"minecraft:interact_with_crafting_table":30,"minecraft:leave_game":4,"minecraft:time_since_death":4818,"minecraft:sprint_one_cm":159052,"minecraft:walk_one_cm":290711,"minecraft:damage_blocked_by_shield":92,"minecraft:drop":59,"minecraft:play_time":135342,"minecraft:deaths":7,"minecraft:sneak_time":15953,"minecraft:walk_under_water_one_cm":31034,"minecraft:boat_one_cm":3187,"minecraft:jump":2042,"minecraft:walk_on_water_one_cm":13874,"minecraft:total_world_time":135342,"minecraft:interact_with_furnace":8,"minecraft:interact_with_grindstone":1,"minecraft:sleep_in_bed":5,"minecraft:time_since_rest":3655,"minecraft:damage_taken":7777,"minecraft:damage_dealt":1678,"minecraft:swim_one_cm":56624,"minecraft:fly_one_cm":274471,"minecraft:open_chest":73,"minecraft:crouch_one_cm":55127,"minecraft:fall_one_cm":86879},"minecraft:picked_up":{"minecraft:crafting_table":2,"minecraft:lead":3,"minecraft:diamond_sword":3,"minecraft:gold_block":1,"minecraft:nether_brick":13,"minecraft:shield":3,"minecraft:iron_axe":2,"minecraft:iron_leggings":2,"minecraft:blackstone":23,"minecraft:diamond_leggings":3,"minecraft:cobbled_deepslate":438,"minecraft:bucket":2,"minecraft:oak_boat":1,"minecraft:iron_pickaxe":2,"minecraft:chest":1,"minecraft:raw_iron":80,"minecraft:stick":32,"minecraft:oak_door":8,"minecraft:porkchop":3,"minecraft:polished_blackstone_bricks":2,"minecraft:diorite":26,"minecraft:diamond_chestplate":5,"minecraft:rotten_flesh":4,"minecraft:arrow":40,"minecraft:diamond_boots":7,"minecraft:gold_ingot":66,"minecraft:obsidian":7,"minecraft:cobblestone":258,"minecraft:birch_log":13,"minecraft:basalt":1,"minecraft:cooked_beef":10,"minecraft:andesite":13,"minecraft:leather":3,"minecraft:red_mushroom":1,"minecraft:birch_planks":64,"minecraft:tuff":39,"minecraft:oak_log":13,"minecraft:ancient_debris":2,"minecraft:golden_boots":1,"minecraft:yellow_bed":1,"minecraft:dirt":167,"minecraft:bone":3,"minecraft:bow":4,"minecraft:wheat_seeds":4,"minecraft:iron_ingot":68,"minecraft:cooked_chicken":10,"minecraft:diamond_helmet":5,"minecraft:oak_planks":14,"minecraft:iron_sword":2,"minecraft:soul_sand":9,"minecraft:ghast_tear":2,"minecraft:cooked_porkchop":45,"minecraft:gravel":24,"minecraft:spider_eye":3,"minecraft:diamond_shovel":1,"minecraft:diamond":118,"minecraft:cracked_polished_blackstone_bricks":2,"minecraft:diamond_axe":3,"minecraft:granite":3,"minecraft:golden_apple":2,"minecraft:bread":23,"minecraft:oak_sapling":2,"minecraft:netherrack":523,"minecraft:oak_leaves":238,"minecraft:coal":10,"minecraft:crimson_nylium":9,"minecraft:crimson_roots":1,"minecraft:diamond_pickaxe":5},"minecraft:killed":{"minecraft:skeleton":2,"minecraft:piglin":1,"minecraft:hoglin":1,"minecraft:zombie":2},"minecraft:mined":{"minecraft:diamond_ore":1,"minecraft:tuff":40,"minecraft:deepslate_diamond_ore":72,"minecraft:oak_door":4,"minecraft:obsidian":3,"minecraft:granite":3,"minecraft:grass_block":9,"minecraft:crimson_roots":1,"minecraft:soul_soil":1,"minecraft:tall_seagrass":1,"minecraft:polished_blackstone_bricks":1,"minecraft:iron_ore":77,"minecraft:cobbled_deepslate":89,"minecraft:fire":5,"minecraft:andesite":22,"minecraft:gold_block":1,"minecraft:deepslate_iron_ore":3,"minecraft:dirt_path":8,"minecraft:stone":231,"minecraft:crimson_nylium":9,"minecraft:basalt":1,"minecraft:crafting_table":2,"minecraft:short_grass":16,"minecraft:cobblestone":452,"minecraft:oak_planks":7,"minecraft:diorite":26,"minecraft:seagrass":1,"minecraft:birch_log":13,"minecraft:oak_log":14,"minecraft:coal_ore":10,"minecraft:gravel":11,"minecraft:dirt":33,"minecraft:ancient_debris":1,"minecraft:netherrack":527,"minecraft:oak_leaves":11,"minecraft:deepslate":357}},"DataVersion":3953}