{"stats":{"minecraft:used":{"minecraft:oak_trapdoor":2,"minecraft:redstone":11,"minecraft:chest":7,"minecraft:shield":3,"minecraft:iron_sword":11,"minecraft:oak_door":8,"minecraft:netherrack":551,"minecraft:dirt":1024,"minecraft:hopper":2,"minecraft:diamond_helmet":1,"minecraft:tuff":55,"minecraft:obsidian":1,"minecraft:glass":63,"minecraft:lava_bucket":11,"minecraft:iron_axe":59,"minecraft:crimson_planks":48,"minecraft:basalt":1,"minecraft:diamond_chestplate":2,"minecraft:magma_block":4,"minecraft:bow":6,"minecraft:cooked_beef":2,"minecraft:observer":21,"minecraft:cobbled_deepslate":412,"minecraft:iron_leggings":1,"minecraft:golden_boots":2,"minecraft:water_bucket":9,"minecraft:diorite":26,"minecraft:warped_fungus_on_a_stick":505,"minecraft:diamond_boots":3,"minecraft:birch_planks":382,"minecraft:oak_planks":52,"minecraft:stone_pickaxe":45,"minecraft:wooden_pickaxe":8,"minecraft:cartography_table":4,"minecraft:blackstone":86,"minecraft:diamond_axe":465,"minecraft:sugar_cane":28,"minecraft:deepslate_bricks":53,"minecraft:oak_leaves":101,"minecraft:polished_blackstone_bricks":17,"minecraft:mossy_cobblestone":27,"minecraft:crafting_table":4,"minecraft:smoker":1,"minecraft:oak_log":62,"minecraft:piston":44,"minecraft:diamond_pickaxe":2502,"minecraft:diamond_shovel":890,"minecraft:cracked_polished_blackstone_bricks":21,"minecraft:bread":21,"minecraft:iron_pickaxe":45,"minecraft:gravel":13,"minecraft:stone_axe":22,"minecraft:nether_wart_block":3,"minecraft:diamond_sword":220,"minecraft:cobblestone":176,"minecraft:cooked_porkchop":17,"minecraft:andesite":13,"minecraft:bucket":21,"minecraft:yellow_bed":2,"minecraft:diamond_leggings":1,"minecraft:oak_boat":1,"minecraft:smooth_stone":75},"minecraft:picked_up":{"minecraft:crafting_table":2,"minecraft:nether_brick_fence":3,"minecraft:nether_wart":10,"minecraft:lead":3,"minecraft:diamond_sword":5,"minecraft:gold_block":8,"minecraft:gilded_blackstone":4,"minecraft:nether_brick":13,"minecraft:shield":7,"minecraft:golden_sword":1,"minecraft:iron_axe":2,"minecraft:iron_leggings":2,"minecraft:netherite_scrap":1,"minecraft:blackstone":79,"minecraft:diamond_leggings":8,"minecraft:cartography_table":3,"minecraft:smooth_stone":3,"minecraft:cobbled_deepslate":445,"minecraft:bucket":3,"minecraft:oak_boat":1,"minecraft:iron_nugget":16,"minecraft:observer":34,"minecraft:netherite_upgrade_smithing_template":2,"minecraft:iron_pickaxe":2,"minecraft:sugar_cane":43,"minecraft:chest":3,"minecraft:piston":20,"minecraft:stick":42,"minecraft:raw_iron":80,"minecraft:oak_door":8,"minecraft:fire_charge":4,"minecraft:porkchop":3,"minecraft:polished_blackstone_bricks":19,"minecraft:diorite":26,"minecraft:redstone":416,"minecraft:golden_chestplate":1,"minecraft:cauldron":8,"minecraft:arrow":98,"minecraft:rotten_flesh":4,"minecraft:diamond_chestplate":9,"minecraft:deepslate_bricks":17,"minecraft:diamond_boots":10,"minecraft:gold_ingot":131,"minecraft:blaze_rod":5,"minecraft:bone_block":1,"minecraft:obsidian":17,"minecraft:blaze_powder":10,"minecraft:cobblestone":328,"minecraft:birch_log":19,"minecraft:magma_block":4,"minecraft:cooked_beef":12,"minecraft:basalt":1,"minecraft:water_bucket":2,"minecraft:warped_fungus_on_a_stick":2,"minecraft:crimson_stem":13,"minecraft:andesite":13,"minecraft:leather":11,"minecraft:smoker":3,"minecraft:red_mushroom":1,"minecraft:birch_planks":960,"minecraft:crimson_fungus":3,"minecraft:tuff":39,"minecraft:oak_log":141,"minecraft:ancient_debris":3,"minecraft:golden_boots":2,"minecraft:yellow_bed":1,"minecraft:nether_wart_block":3,"minecraft:dirt":1044,"minecraft:glass":1,"minecraft:bone":3,"minecraft:bow":4,"minecraft:wheat_seeds":13,"minecraft:iron_ingot":68,"minecraft:cooked_chicken":10,"minecraft:diamond_helmet":10,"minecraft:iron_sword":4,"minecraft:oak_planks":19,"minecraft:soul_sand":9,"minecraft:ghast_tear":2,"minecraft:warped_fungus":2,"minecraft:chiseled_polished_blackstone":8,"minecraft:cooked_porkchop":45,"minecraft:gravel":92,"minecraft:lava_bucket":1,"minecraft:blast_furnace":2,"minecraft:crying_obsidian":2,"minecraft:spectral_arrow":42,"minecraft:spider_eye":3,"minecraft:mossy_cobblestone":1,"minecraft:diamond_shovel":4,"minecraft:diamond":218,"minecraft:cracked_polished_blackstone_bricks":44,"minecraft:granite":3,"minecraft:crossbow":1,"minecraft:diamond_axe":5,"minecraft:golden_apple":2,"minecraft:bread":23,"minecraft:oak_sapling":7,"minecraft:netherrack":749,"minecraft:crimson_nylium":9,"minecraft:coal":40,"minecraft:oak_leaves":238,"minecraft:crimson_roots":3,"minecraft:diamond_pickaxe":8},"minecraft:dropped":{"minecraft:enchanted_book":1,"minecraft:crimson_nylium":9,"minecraft:iron_ingot":56,"minecraft:iron_sword":1,"minecraft:birch_planks":65,"minecraft:wheat_seeds":4,"minecraft:diamond_axe":1,"minecraft:diamond":32,"minecraft:diamond_leggings":4,"minecraft:netherite_upgrade_smithing_template":1,"minecraft:cobblestone":1,"minecraft:granite":3,"minecraft:saddle":1,"minecraft:stick":1,"minecraft:dirt":20,"minecraft:diamond_helmet":2,"minecraft:iron_leggings":1,"minecraft:iron_axe":1,"minecraft:iron_pickaxe":2,"minecraft:birch_log":6,"minecraft:bucket":1,"minecraft:gold_ingot":22,"minecraft:cauldron":4,"minecraft:bone":1,"minecraft:redstone":356,"minecraft:gravel":11,"minecraft:stone_axe":1,"minecraft:blackstone":3,"minecraft:cobbled_deepslate":1,"minecraft:rotten_flesh":4,"minecraft:smoker":2,"minecraft:diamond_shovel":2,"minecraft:blast_furnace":2,"minecraft:shield":1,"minecraft:diamond_chestplate":3,"minecraft:diamond_pickaxe":1,"minecraft:oak_sapling":2,"minecraft:golden_sword":1,"minecraft:spider_eye":3,"minecraft:diamond_boots":1,"minecraft:arrow":19,"minecraft:bow":1,"minecraft:glass":1,"minecraft:stone_pickaxe":1,"minecraft:wooden_pickaxe":1,"minecraft:netherrack":1},"minecraft:killed":{"minecraft:zombified_piglin":1,"minecraft:skeleton":2,"minecraft:piglin":3,"minecraft:strider":1,"minecraft:hoglin":1,"minecraft:zombie":2,"minecraft:blaze":11},"minecraft:custom":{"minecraft:interact_with_anvil":1,"minecraft:mob_kills":21,"minecraft:interact_with_crafting_table":58,"minecraft:leave_game":7,"minecraft:time_since_death":109832,"minecraft:sprint_one_cm":422094,"minecraft:walk_one_cm":855632,"minecraft:damage_blocked_by_shield":254,"minecraft:drop":112,"minecraft:talked_to_villager":2,"minecraft:strider_one_cm":445900,"minecraft:play_time":322660,"minecraft:sneak_time":30945,"minecraft:deaths":12,"minecraft:walk_under_water_one_cm":31382,"minecraft:boat_one_cm":12278,"minecraft:jump":5510,"minecraft:walk_on_water_one_cm":17419,"minecraft:total_world_time":322660,"minecraft:interact_with_furnace":14,"minecraft:interact_with_grindstone":1,"minecraft:sleep_in_bed":5,"minecraft:time_since_rest":109859,"minecraft:damage_taken":20509,"minecraft:damage_dealt":5740,"minecraft:swim_one_cm":56624,"minecraft:fly_one_cm":786351,"minecraft:open_chest":181,"minecraft:crouch_one_cm":109980,"minecraft:fall_one_cm":188118},"minecraft:mined":{"minecraft:diamond_ore":1,"minecraft:tuff":40,"minecraft:mossy_cobblestone":1,"minecraft:deepslate_diamond_ore":72,"minecraft:oak_door":4,"minecraft:obsidian":3,"minecraft:granite":3,"minecraft:chiseled_polished_blackstone":3,"minecraft:grass_block":657,"minecraft:cracked_polished_blackstone_bricks":16,"minecraft:crimson_roots":4,"minecraft:redstone_wire":2,"minecraft:deepslate_bricks":17,"minecraft:soul_soil":1,"minecraft:cartography_table":3,"minecraft:crimson_fungus":1,"minecraft:nether_wart":10,"minecraft:crimson_stem":15,"minecraft:gilded_blackstone":1,"minecraft:polished_blackstone_bricks":17,"minecraft:tall_seagrass":1,"minecraft:magma_block":4,"minecraft:iron_ore":77,"minecraft:fire":15,"minecraft:cobbled_deepslate":97,"minecraft:andesite":22,"minecraft:gold_block":9,"minecraft:nether_brick_fence":1,"minecraft:dirt_path":8,"minecraft:water_cauldron":4,"minecraft:deepslate_iron_ore":3,"minecraft:stone":264,"minecraft:glass_pane":1,"minecraft:blackstone":60,"minecraft:crimson_nylium":29,"minecraft:smoker":2,"minecraft:soul_fire":2,"minecraft:basalt":1,"minecraft:observer":5,"minecraft:crafting_table":2,"minecraft:short_grass":32,"minecraft:blast_furnace":1,"minecraft:tall_grass":1,"minecraft:glass":9,"minecraft:cobblestone":641,"minecraft:oak_planks":11,"minecraft:sugar_cane":33,"minecraft:diorite":26,"minecraft:seagrass":1,"minecraft:birch_planks":256,"minecraft:nether_wart_block":3,"minecraft:birch_log":20,"minecraft:warped_fungus":1,"minecraft:coal_ore":10,"minecraft:oak_log":140,"minecraft:gravel":11,"minecraft:dirt":271,"minecraft:ancient_debris":1,"minecraft:netherrack":731,"minecraft:piston":20,"minecraft:deepslate":357,"minecraft:oak_leaves":41},"minecraft:killed_by":{"minecraft:player":6,"minecraft:zombified_piglin":1,"minecraft:creeper":1},"minecraft:crafted":{"minecraft:oak_door":3,"minecraft:oak_planks":160,"minecraft:blaze_powder":10,"minecraft:furnace":1,"minecraft:piston":48,"minecraft:diamond_shovel":2,"minecraft:hopper":8,"minecraft:diamond_helmet":4,"minecraft:bow":2,"minecraft:diamond_leggings":4,"minecraft:polished_deepslate":76,"minecraft:stone_pickaxe":1,"minecraft:chest":16,"minecraft:diamond_boots":2,"minecraft:crimson_planks":52,"minecraft:diamond_sword":3,"minecraft:diamond_axe":3,"minecraft:crafting_table":2,"minecraft:wooden_pickaxe":1,"minecraft:bucket":2,"minecraft:birch_planks":52,"minecraft:stone_axe":1,"minecraft:air":0,"minecraft:cartography_table":1,"minecraft:paper":6,"minecraft:diamond_pickaxe":3,"minecraft:shield":1,"minecraft:stick":16,"minecraft:iron_ingot":86,"minecraft:iron_pickaxe":1,"minecraft:gold_ingot":99,"minecraft:deepslate_bricks":76,"minecraft:diamond_chestplate":4},"minecraft:broken":{"minecraft:diamond_helmet":2,"minecraft:diamond_boots":1}},"DataVersion":3953}