{"stats":{"minecraft:custom":{"minecraft:jump":49,"minecraft:time_since_rest":1412,"minecraft:damage_dealt":10,"minecraft:sprint_one_cm":4440,"minecraft:play_time":1412,"minecraft:damage_taken":30,"minecraft:time_since_death":1412,"minecraft:walk_one_cm":1384,"minecraft:total_world_time":1412,"minecraft:fall_one_cm":2053,"minecraft:fly_one_cm":13057},"minecraft:picked_up":{"minecraft:oak_log":7,"minecraft:sunflower":1},"minecraft:mined":{"minecraft:oak_log":7,"minecraft:sunflower":1}},"DataVersion":3953}