{"stats":{"minecraft:killed_by":{"minecraft:player":5,"minecraft:wither_skeleton":1},"minecraft:mined":{"minecraft:tuff":11,"minecraft:blackstone":60,"minecraft:crimson_nylium":22,"minecraft:deepslate_diamond_ore":64,"minecraft:basalt":91,"minecraft:nether_bricks":3,"minecraft:chiseled_polished_blackstone":1,"minecraft:warped_roots":4,"minecraft:crimson_roots":1,"minecraft:cracked_polished_blackstone_bricks":18,"minecraft:cobblestone":2,"minecraft:warped_wart_block":3,"minecraft:crimson_stem":2,"minecraft:gilded_blackstone":2,"minecraft:polished_blackstone_bricks":31,"minecraft:warped_nylium":1,"minecraft:nether_wart_block":1,"minecraft:nether_sprouts":6,"minecraft:fire":1,"minecraft:iron_ore":4,"minecraft:cobbled_deepslate":4,"minecraft:andesite":11,"minecraft:gold_block":4,"minecraft:coal_ore":6,"minecraft:oak_log":7,"minecraft:smooth_basalt":1,"minecraft:sunflower":1,"minecraft:gravel":7,"minecraft:stone":67,"minecraft:netherrack":205,"minecraft:deepslate":164},"minecraft:dropped":{"minecraft:warped_nylium":3,"minecraft:warped_fungus":1,"minecraft:diamond_axe":2,"minecraft:glass_bottle":1,"minecraft:diamond_leggings":1,"minecraft:warped_roots":7,"minecraft:iron_boots":1,"minecraft:diamond_chestplate":1,"minecraft:golden_carrot":6,"minecraft:diamond_pickaxe":1,"minecraft:golden_sword":2,"minecraft:diamond_boots":1,"minecraft:warped_wart_block":1,"minecraft:stone_pickaxe":1,"minecraft:wooden_pickaxe":1,"minecraft:iron_pickaxe":1,"minecraft:crying_obsidian":1,"minecraft:gold_ingot":211},"minecraft:killed":{"minecraft:piglin":4,"minecraft:enderman":4},"minecraft:custom":{"minecraft:interact_with_furnace":4,"minecraft:mob_kills":9,"minecraft:interact_with_crafting_table":13,"minecraft:leave_game":1,"minecraft:time_since_death":8398,"minecraft:climb_one_cm":76,"minecraft:time_since_rest":8479,"minecraft:sprint_one_cm":118741,"minecraft:damage_taken":13183,"minecraft:walk_one_cm":200845,"minecraft:drop":35,"minecraft:damage_dealt":3504,"minecraft:player_kills":2,"minecraft:fly_one_cm":653240,"minecraft:open_chest":20,"minecraft:crouch_one_cm":23774,"minecraft:play_time":91651,"minecraft:deaths":9,"minecraft:sneak_time":8160,"minecraft:jump":2088,"minecraft:walk_on_water_one_cm":9338,"minecraft:total_world_time":91651,"minecraft:fall_one_cm":97831},"minecraft:crafted":{"minecraft:oak_planks":32,"minecraft:diamond_sword":2,"minecraft:diamond_axe":2,"minecraft:crafting_table":4,"minecraft:wooden_pickaxe":2,"minecraft:furnace":1,"minecraft:air":0,"minecraft:flint_and_steel":1,"minecraft:diamond_helmet":2,"minecraft:diamond_leggings":2,"minecraft:diamond_pickaxe":2,"minecraft:stick":36,"minecraft:iron_ingot":3,"minecraft:iron_pickaxe":1,"minecraft:stone_pickaxe":1,"minecraft:gold_ingot":54,"minecraft:diamond_boots":2,"minecraft:diamond_chestplate":2},"minecraft:picked_up":{"minecraft:birch_planks":3,"minecraft:splash_potion":1,"minecraft:crimson_stem":2,"minecraft:basalt":109,"minecraft:golden_carrot":16,"minecraft:water_bucket":1,"minecraft:andesite":11,"minecraft:diamond_sword":3,"minecraft:nether_brick":42,"minecraft:enchanted_book":2,"minecraft:gold_block":4,"minecraft:potion":1,"minecraft:gilded_blackstone":1,"minecraft:flint":1,"minecraft:tuff":11,"minecraft:oak_log":8,"minecraft:nether_wart_block":1,"minecraft:golden_sword":4,"minecraft:string":52,"minecraft:iron_axe":1,"minecraft:blackstone":179,"minecraft:diamond_leggings":3,"minecraft:gold_nugget":10,"minecraft:cobbled_deepslate":199,"minecraft:iron_ingot":1,"minecraft:diamond_helmet":2,"minecraft:iron_sword":1,"minecraft:oak_planks":21,"minecraft:iron_boots":3,"minecraft:smooth_basalt":24,"minecraft:warped_fungus":2,"minecraft:stick":14,"minecraft:raw_iron":4,"minecraft:cooked_porkchop":1,"minecraft:chiseled_polished_blackstone":1,"minecraft:warped_wart_block":5,"minecraft:quartz":42,"minecraft:gravel":6,"minecraft:lava_bucket":1,"minecraft:polished_blackstone_bricks":30,"minecraft:crying_obsidian":3,"minecraft:spectral_arrow":20,"minecraft:nether_bricks":3,"minecraft:arrow":36,"minecraft:diamond_chestplate":4,"minecraft:diamond":63,"minecraft:diamond_boots":3,"minecraft:cracked_polished_blackstone_bricks":18,"minecraft:crossbow":3,"minecraft:diamond_axe":5,"minecraft:crimson_roots":6,"minecraft:warped_roots":14,"minecraft:gold_ingot":384,"minecraft:diamond_pickaxe":4,"minecraft:mutton":1,"minecraft:warped_nylium":6,"minecraft:netherrack":210,"minecraft:coal":6,"minecraft:ender_pearl":4,"minecraft:cobblestone":67,"minecraft:sunflower":2},"minecraft:used":{"minecraft:crimson_stem":2,"minecraft:water_bucket":6,"minecraft:diamond_boots":1,"minecraft:birch_planks":9,"minecraft:flint_and_steel":1,"minecraft:stone_pickaxe":19,"minecraft:blackstone":125,"minecraft:wooden_pickaxe":24,"minecraft:diamond_axe":22,"minecraft:netherrack":107,"minecraft:polished_blackstone_bricks":30,"minecraft:gilded_blackstone":2,"minecraft:warped_wart_block":3,"minecraft:mutton":2,"minecraft:crafting_table":4,"minecraft:diamond_helmet":1,"minecraft:tuff":11,"minecraft:diamond_pickaxe":564,"minecraft:lava_bucket":7,"minecraft:iron_axe":10,"minecraft:cracked_polished_blackstone_bricks":18,"minecraft:iron_pickaxe":198,"minecraft:gravel":6,"minecraft:smooth_basalt":7,"minecraft:nether_wart_block":1,"minecraft:basalt":66,"minecraft:diamond_chestplate":2,"minecraft:diamond_sword":129,"minecraft:golden_carrot":7,"minecraft:potion":1,"minecraft:cobblestone":56,"minecraft:furnace":1,"minecraft:cooked_porkchop":1,"minecraft:andesite":11,"minecraft:bucket":11,"minecraft:cobbled_deepslate":238,"minecraft:diamond_leggings":1}},"DataVersion":3953}