{"stats":{"minecraft:killed_by":{"minecraft:player":5,"minecraft:wither_skeleton":1},"minecraft:dropped":{"minecraft:enchanted_book":1,"minecraft:birch_planks":1,"minecraft:wheat_seeds":11,"minecraft:diamond_axe":2,"minecraft:warped_fungus":1,"minecraft:glass_bottle":1,"minecraft:diamond":2,"minecraft:diamond_leggings":1,"minecraft:crossbow":1,"minecraft:warped_roots":7,"minecraft:leather":4,"minecraft:stick":8,"minecraft:cobblestone_stairs":1,"minecraft:golden_carrot":6,"minecraft:iron_pickaxe":1,"minecraft:cauldron":2,"minecraft:gold_ingot":211,"minecraft:gravel":2,"minecraft:warped_nylium":3,"minecraft:twisting_vines":2,"minecraft:iron_boots":1,"minecraft:warped_planks":3,"minecraft:gunpowder":1,"minecraft:diamond_chestplate":1,"minecraft:diamond_pickaxe":1,"minecraft:golden_sword":2,"minecraft:diamond_boots":1,"minecraft:wooden_pickaxe":1,"minecraft:stone_pickaxe":1,"minecraft:warped_wart_block":2,"minecraft:crying_obsidian":1,"minecraft:netherrack":22},"minecraft:used":{"minecraft:flint_and_steel":76,"minecraft:spruce_planks":48,"minecraft:netherrack":140,"minecraft:dirt":175,"minecraft:mutton":2,"minecraft:warped_wart_block":3,"minecraft:nether_bricks":62,"minecraft:diamond_helmet":1,"minecraft:tuff":11,"minecraft:lava_bucket":7,"minecraft:iron_axe":10,"minecraft:smooth_basalt":7,"minecraft:diamond_chestplate":2,"minecraft:basalt":66,"minecraft:golden_carrot":7,"minecraft:furnace":1,"minecraft:cobbled_deepslate":238,"minecraft:crimson_stem":2,"minecraft:water_bucket":7,"minecraft:diamond_boots":1,"minecraft:birch_planks":35,"minecraft:oak_planks":2,"minecraft:stone_pickaxe":19,"minecraft:blackstone":125,"minecraft:wooden_pickaxe":24,"minecraft:diamond_axe":123,"minecraft:deepslate_bricks":3,"minecraft:polished_blackstone_bricks":30,"minecraft:gilded_blackstone":2,"minecraft:mossy_cobblestone":3,"minecraft:crafting_table":5,"minecraft:white_bed":1,"minecraft:warped_planks":182,"minecraft:diamond_pickaxe":892,"minecraft:diamond_shovel":566,"minecraft:bread":9,"minecraft:cracked_polished_blackstone_bricks":18,"minecraft:iron_pickaxe":198,"minecraft:spruce_sapling":3,"minecraft:gravel":12,"minecraft:nether_wart_block":1,"minecraft:diamond_sword":273,"minecraft:cobblestone":61,"minecraft:potion":1,"minecraft:andesite":11,"minecraft:cooked_porkchop":1,"minecraft:bucket":13,"minecraft:yellow_bed":2,"minecraft:diamond_leggings":2,"minecraft:splash_potion":1},"minecraft:crafted":{"minecraft:oak_planks":32,"minecraft:furnace":1,"minecraft:diamond_shovel":1,"minecraft:flint_and_steel":3,"minecraft:warped_planks":184,"minecraft:polished_deepslate":220,"minecraft:diamond_helmet":2,"minecraft:diamond_leggings":3,"minecraft:stone_pickaxe":1,"minecraft:diamond_boots":2,"minecraft:wheat":64,"minecraft:diamond_sword":2,"minecraft:diamond_axe":2,"minecraft:crafting_table":5,"minecraft:spruce_planks":48,"minecraft:wooden_pickaxe":2,"minecraft:bucket":1,"minecraft:birch_planks":28,"minecraft:bread":24,"minecraft:air":0,"minecraft:diamond_pickaxe":2,"minecraft:stick":36,"minecraft:iron_ingot":3,"minecraft:iron_pickaxe":1,"minecraft:gold_ingot":54,"minecraft:deepslate_bricks":220,"minecraft:diamond_chestplate":2},"minecraft:custom":{"minecraft:mob_kills":34,"minecraft:interact_with_crafting_table":17,"minecraft:bell_ring":753,"minecraft:leave_game":3,"minecraft:time_since_death":72832,"minecraft:climb_one_cm":600,"minecraft:sprint_one_cm":265747,"minecraft:walk_one_cm":416389,"minecraft:drop":52,"minecraft:talked_to_villager":1,"minecraft:play_time":156085,"minecraft:deaths":9,"minecraft:sneak_time":10530,"minecraft:walk_under_water_one_cm":2779,"minecraft:jump":3992,"minecraft:walk_on_water_one_cm":17501,"minecraft:total_world_time":156085,"minecraft:interact_with_furnace":4,"minecraft:sleep_in_bed":5,"minecraft:time_since_rest":25360,"minecraft:damage_taken":15053,"minecraft:damage_dealt":7825,"minecraft:swim_one_cm":10378,"minecraft:player_kills":3,"minecraft:fly_one_cm":1075933,"minecraft:open_chest":30,"minecraft:crouch_one_cm":34536,"minecraft:fall_one_cm":158011},"minecraft:picked_up":{"minecraft:wheat":8,"minecraft:splash_potion":1,"minecraft:chicken":2,"minecraft:diamond_sword":3,"minecraft:potion":1,"minecraft:gold_block":4,"minecraft:enchanted_book":2,"minecraft:gilded_blackstone":1,"minecraft:nether_brick":42,"minecraft:golden_sword":4,"minecraft:string":52,"minecraft:iron_axe":1,"minecraft:blackstone":179,"minecraft:diamond_leggings":3,"minecraft:gold_nugget":10,"minecraft:cobbled_deepslate":433,"minecraft:beef":5,"minecraft:light_gray_wool":1,"minecraft:sugar_cane":22,"minecraft:iron_boots":3,"minecraft:stick":24,"minecraft:raw_iron":4,"minecraft:porkchop":9,"minecraft:polished_blackstone_bricks":30,"minecraft:warped_planks":1,"minecraft:cauldron":2,"minecraft:stone_pressure_plate":1,"minecraft:tnt":9,"minecraft:arrow":36,"minecraft:diamond_chestplate":4,"minecraft:nether_bricks":62,"minecraft:deepslate_bricks":3,"minecraft:diamond_boots":3,"minecraft:hay_block":8,"minecraft:gold_ingot":384,"minecraft:mutton":13,"minecraft:cobblestone":263,"minecraft:white_wool":8,"minecraft:birch_log":7,"minecraft:basalt":109,"minecraft:feather":2,"minecraft:golden_carrot":16,"minecraft:crimson_stem":2,"minecraft:water_bucket":1,"minecraft:andesite":11,"minecraft:cut_sandstone":4,"minecraft:leather":4,"minecraft:birch_planks":3,"minecraft:flint":3,"minecraft:tuff":11,"minecraft:oak_log":19,"minecraft:yellow_bed":2,"minecraft:nether_wart_block":1,"minecraft:cobblestone_stairs":1,"minecraft:dirt":540,"minecraft:orange_terracotta":1,"minecraft:twisting_vines":2,"minecraft:wheat_seeds":11,"minecraft:warped_stem":46,"minecraft:iron_ingot":1,"minecraft:diamond_helmet":2,"minecraft:iron_sword":1,"minecraft:oak_planks":23,"minecraft:warped_fungus":2,"minecraft:smooth_basalt":24,"minecraft:chiseled_polished_blackstone":1,"minecraft:cooked_porkchop":1,"minecraft:warped_wart_block":6,"minecraft:quartz":42,"minecraft:gravel":14,"minecraft:lava_bucket":1,"minecraft:spruce_sapling":3,"minecraft:white_bed":1,"minecraft:spruce_log":12,"minecraft:crying_obsidian":3,"minecraft:spectral_arrow":20,"minecraft:mossy_cobblestone":3,"minecraft:diamond":71,"minecraft:cracked_polished_blackstone_bricks":18,"minecraft:crossbow":3,"minecraft:diamond_axe":5,"minecraft:warped_roots":14,"minecraft:diamond_pickaxe":4,"minecraft:netherrack":216,"minecraft:warped_nylium":6,"minecraft:coal":6,"minecraft:crimson_roots":7,"minecraft:ender_pearl":4,"minecraft:sunflower":2},"minecraft:broken":{"minecraft:flint_and_steel":1,"minecraft:diamond_leggings":1},"minecraft:killed":{"minecraft:armadillo":1,"minecraft:horse":1,"minecraft:chicken":2,"minecraft:piglin":5,"minecraft:pig":5,"minecraft:iron_golem":2,"minecraft:sheep":10,"minecraft:cow":2,"minecraft:enderman":4},"minecraft:mined":{"minecraft:tuff":11,"minecraft:stone_pressure_plate":1,"minecraft:mossy_cobblestone":3,"minecraft:deepslate_diamond_ore":64,"minecraft:nether_bricks":62,"minecraft:chiseled_polished_blackstone":1,"minecraft:grass_block":291,"minecraft:crimson_roots":2,"minecraft:cracked_polished_blackstone_bricks":18,"minecraft:deepslate_bricks":3,"minecraft:spruce_leaves":33,"minecraft:gilded_blackstone":2,"minecraft:crimson_stem":2,"minecraft:hay_block":8,"minecraft:polished_blackstone_bricks":31,"minecraft:nether_sprouts":8,"minecraft:iron_ore":4,"minecraft:cobbled_deepslate":4,"minecraft:fire":2,"minecraft:andesite":11,"minecraft:gold_block":4,"minecraft:twisting_vines":2,"minecraft:dirt_path":63,"minecraft:water_cauldron":2,"minecraft:warped_stem":50,"minecraft:stone":258,"minecraft:cut_sandstone":4,"minecraft:glass_pane":1,"minecraft:blackstone":60,"minecraft:twisting_vines_plant":1,"minecraft:orange_terracotta":1,"minecraft:crimson_nylium":22,"minecraft:basalt":91,"minecraft:powder_snow":9,"minecraft:short_grass":47,"minecraft:warped_roots":4,"minecraft:dead_bush":7,"minecraft:tall_grass":4,"minecraft:cobblestone":8,"minecraft:lapis_ore":4,"minecraft:sugar_cane":10,"minecraft:warped_wart_block":4,"minecraft:warped_nylium":1,"minecraft:warped_planks":1,"minecraft:nether_wart_block":1,"minecraft:birch_log":7,"minecraft:spruce_log":12,"minecraft:yellow_bed":2,"minecraft:tnt":9,"minecraft:oak_log":19,"minecraft:coal_ore":6,"minecraft:sunflower":1,"minecraft:gravel":22,"minecraft:dirt":204,"minecraft:smooth_basalt":1,"minecraft:netherrack":212,"minecraft:deepslate":164}},"DataVersion":3953}