{"stats":{"minecraft:dropped":{"minecraft:diamond_axe":2,"minecraft:warped_fungus":1,"minecraft:glass_bottle":1,"minecraft:diamond":2,"minecraft:diamond_leggings":1,"minecraft:warped_roots":7,"minecraft:golden_carrot":6,"minecraft:iron_pickaxe":1,"minecraft:gold_ingot":211,"minecraft:warped_nylium":3,"minecraft:iron_boots":1,"minecraft:diamond_chestplate":1,"minecraft:diamond_pickaxe":1,"minecraft:golden_sword":2,"minecraft:diamond_boots":1,"minecraft:stone_pickaxe":1,"minecraft:wooden_pickaxe":1,"minecraft:warped_wart_block":2,"minecraft:crying_obsidian":1,"minecraft:netherrack":22},"minecraft:custom":{"minecraft:mob_kills":10,"minecraft:interact_with_crafting_table":13,"minecraft:leave_game":2,"minecraft:time_since_death":19403,"minecraft:climb_one_cm":600,"minecraft:sprint_one_cm":141665,"minecraft:walk_one_cm":227566,"minecraft:drop":38,"minecraft:play_time":102656,"minecraft:deaths":9,"minecraft:sneak_time":9661,"minecraft:jump":2416,"minecraft:walk_on_water_one_cm":9338,"minecraft:total_world_time":102656,"minecraft:interact_with_furnace":4,"minecraft:time_since_rest":19484,"minecraft:damage_taken":13781,"minecraft:damage_dealt":4075,"minecraft:fly_one_cm":717299,"minecraft:player_kills":2,"minecraft:open_chest":24,"minecraft:crouch_one_cm":32094,"minecraft:fall_one_cm":111749},"minecraft:crafted":{"minecraft:oak_planks":32,"minecraft:furnace":1,"minecraft:flint_and_steel":1,"minecraft:warped_planks":184,"minecraft:diamond_helmet":2,"minecraft:diamond_leggings":2,"minecraft:stone_pickaxe":1,"minecraft:diamond_boots":2,"minecraft:diamond_sword":2,"minecraft:diamond_axe":2,"minecraft:crafting_table":4,"minecraft:wooden_pickaxe":2,"minecraft:air":0,"minecraft:diamond_pickaxe":2,"minecraft:stick":36,"minecraft:iron_pickaxe":1,"minecraft:iron_ingot":3,"minecraft:gold_ingot":54,"minecraft:diamond_chestplate":2},"minecraft:used":{"minecraft:flint_and_steel":1,"minecraft:netherrack":140,"minecraft:warped_wart_block":3,"minecraft:mutton":2,"minecraft:nether_bricks":62,"minecraft:diamond_helmet":1,"minecraft:tuff":11,"minecraft:lava_bucket":7,"minecraft:iron_axe":10,"minecraft:smooth_basalt":7,"minecraft:diamond_chestplate":2,"minecraft:basalt":66,"minecraft:golden_carrot":7,"minecraft:furnace":1,"minecraft:cobbled_deepslate":238,"minecraft:crimson_stem":2,"minecraft:water_bucket":6,"minecraft:diamond_boots":1,"minecraft:birch_planks":12,"minecraft:stone_pickaxe":19,"minecraft:blackstone":125,"minecraft:wooden_pickaxe":24,"minecraft:diamond_axe":82,"minecraft:polished_blackstone_bricks":30,"minecraft:gilded_blackstone":2,"minecraft:crafting_table":4,"minecraft:warped_planks":35,"minecraft:diamond_pickaxe":646,"minecraft:cracked_polished_blackstone_bricks":18,"minecraft:iron_pickaxe":198,"minecraft:gravel":6,"minecraft:nether_wart_block":1,"minecraft:diamond_sword":147,"minecraft:cobblestone":56,"minecraft:potion":1,"minecraft:cooked_porkchop":1,"minecraft:bucket":11,"minecraft:andesite":11,"minecraft:splash_potion":1,"minecraft:diamond_leggings":1},"minecraft:killed":{"minecraft:piglin":5,"minecraft:enderman":4},"minecraft:picked_up":{"minecraft:splash_potion":1,"minecraft:diamond_sword":3,"minecraft:enchanted_book":2,"minecraft:gold_block":4,"minecraft:potion":1,"minecraft:gilded_blackstone":1,"minecraft:nether_brick":42,"minecraft:golden_sword":4,"minecraft:string":52,"minecraft:iron_axe":1,"minecraft:blackstone":179,"minecraft:diamond_leggings":3,"minecraft:gold_nugget":10,"minecraft:cobbled_deepslate":199,"minecraft:iron_boots":3,"minecraft:stick":19,"minecraft:raw_iron":4,"minecraft:polished_blackstone_bricks":30,"minecraft:warped_planks":1,"minecraft:stone_pressure_plate":1,"minecraft:tnt":9,"minecraft:arrow":36,"minecraft:diamond_chestplate":4,"minecraft:nether_bricks":62,"minecraft:diamond_boots":3,"minecraft:gold_ingot":384,"minecraft:mutton":1,"minecraft:cobblestone":67,"minecraft:basalt":109,"minecraft:golden_carrot":16,"minecraft:water_bucket":1,"minecraft:crimson_stem":2,"minecraft:andesite":11,"minecraft:cut_sandstone":4,"minecraft:birch_planks":3,"minecraft:flint":1,"minecraft:tuff":11,"minecraft:oak_log":8,"minecraft:nether_wart_block":1,"minecraft:orange_terracotta":1,"minecraft:twisting_vines":2,"minecraft:warped_stem":46,"minecraft:iron_ingot":1,"minecraft:diamond_helmet":2,"minecraft:oak_planks":21,"minecraft:iron_sword":1,"minecraft:warped_fungus":2,"minecraft:smooth_basalt":24,"minecraft:cooked_porkchop":1,"minecraft:chiseled_polished_blackstone":1,"minecraft:quartz":42,"minecraft:warped_wart_block":6,"minecraft:lava_bucket":1,"minecraft:gravel":6,"minecraft:crying_obsidian":3,"minecraft:spectral_arrow":20,"minecraft:diamond":65,"minecraft:cracked_polished_blackstone_bricks":18,"minecraft:crossbow":3,"minecraft:diamond_axe":5,"minecraft:warped_roots":14,"minecraft:diamond_pickaxe":4,"minecraft:coal":6,"minecraft:netherrack":216,"minecraft:warped_nylium":6,"minecraft:crimson_roots":7,"minecraft:ender_pearl":4,"minecraft:sunflower":2},"minecraft:mined":{"minecraft:tuff":11,"minecraft:stone_pressure_plate":1,"minecraft:deepslate_diamond_ore":64,"minecraft:nether_bricks":62,"minecraft:chiseled_polished_blackstone":1,"minecraft:crimson_roots":2,"minecraft:cracked_polished_blackstone_bricks":18,"minecraft:gilded_blackstone":2,"minecraft:crimson_stem":2,"minecraft:polished_blackstone_bricks":31,"minecraft:nether_sprouts":8,"minecraft:iron_ore":4,"minecraft:cobbled_deepslate":4,"minecraft:fire":1,"minecraft:andesite":11,"minecraft:gold_block":4,"minecraft:twisting_vines":2,"minecraft:warped_stem":50,"minecraft:stone":67,"minecraft:cut_sandstone":4,"minecraft:blackstone":60,"minecraft:twisting_vines_plant":1,"minecraft:orange_terracotta":1,"minecraft:crimson_nylium":22,"minecraft:basalt":91,"minecraft:warped_roots":4,"minecraft:dead_bush":7,"minecraft:cobblestone":2,"minecraft:warped_wart_block":4,"minecraft:warped_nylium":1,"minecraft:warped_planks":1,"minecraft:nether_wart_block":1,"minecraft:tnt":9,"minecraft:oak_log":7,"minecraft:coal_ore":6,"minecraft:sunflower":1,"minecraft:gravel":7,"minecraft:smooth_basalt":1,"minecraft:netherrack":212,"minecraft:deepslate":164},"minecraft:killed_by":{"minecraft:player":5,"minecraft:wither_skeleton":1}},"DataVersion":3953}