{"stats":{"minecraft:broken":{"minecraft:iron_pickaxe":1},"minecraft:dropped":{"minecraft:axolotl_bucket":1},"minecraft:crafted":{"minecraft:diamond_sword":1,"minecraft:diamond_axe":1,"minecraft:crafting_table":3,"minecraft:spruce_planks":28,"minecraft:wooden_pickaxe":1,"minecraft:furnace":1,"minecraft:bucket":1,"minecraft:stone_axe":1,"minecraft:air":0,"minecraft:diamond_helmet":1,"minecraft:diamond_leggings":1,"minecraft:diamond_pickaxe":1,"minecraft:iron_boots":1,"minecraft:iron_chestplate":1,"minecraft:iron_axe":1,"minecraft:stick":24,"minecraft:iron_ingot":16,"minecraft:iron_pickaxe":1,"minecraft:stone_pickaxe":1,"minecraft:diamond_boots":1,"minecraft:diamond_chestplate":1},"minecraft:custom":{"minecraft:interact_with_furnace":12,"minecraft:mob_kills":7,"minecraft:interact_with_crafting_table":17,"minecraft:leave_game":1,"minecraft:time_since_death":35041,"minecraft:sleep_in_bed":2,"minecraft:time_since_rest":35104,"minecraft:sprint_one_cm":36826,"minecraft:damage_taken":1785,"minecraft:walk_one_cm":108066,"minecraft:drop":1,"minecraft:damage_dealt":1719,"minecraft:talked_to_villager":1,"minecraft:player_kills":1,"minecraft:fly_one_cm":41075,"minecraft:crouch_one_cm":2483,"minecraft:play_time":43005,"minecraft:deaths":3,"minecraft:sneak_time":1771,"minecraft:jump":477,"minecraft:walk_on_water_one_cm":909,"minecraft:total_world_time":43005,"minecraft:fall_one_cm":7039},"minecraft:killed":{"minecraft:pig":1,"minecraft:spider":1,"minecraft:skeleton":1,"minecraft:zombie":4},"minecraft:used":{"minecraft:stone_pickaxe":126,"minecraft:wooden_pickaxe":3,"minecraft:diamond_axe":14,"minecraft:rotten_flesh":3,"minecraft:iron_chestplate":1,"minecraft:dirt":9,"minecraft:crafting_table":6,"minecraft:diamond_helmet":1,"minecraft:axolotl_bucket":1,"minecraft:diamond_pickaxe":308,"minecraft:iron_axe":13,"minecraft:bread":5,"minecraft:iron_pickaxe":250,"minecraft:iron_boots":1,"minecraft:stone_axe":31,"minecraft:diamond_chestplate":1,"minecraft:diamond_sword":16,"minecraft:cobblestone":22,"minecraft:sweet_berries":44,"minecraft:furnace":2,"minecraft:bucket":1,"minecraft:cobbled_deepslate":28},"minecraft:mined":{"minecraft:tuff":51,"minecraft:deepslate_diamond_ore":77,"minecraft:crafting_table":4,"minecraft:granite":12,"minecraft:short_grass":1,"minecraft:grass_block":6,"minecraft:spruce_fence":1,"minecraft:cobblestone":1,"minecraft:diorite":2,"minecraft:furnace":2,"minecraft:cobbled_deepslate":2,"minecraft:iron_ore":26,"minecraft:sweet_berry_bush":13,"minecraft:spruce_log":7,"minecraft:coal_ore":20,"minecraft:dirt_path":1,"minecraft:gravel":6,"minecraft:dirt":24,"minecraft:stone":148,"minecraft:deepslate":315},"minecraft:picked_up":{"minecraft:crafting_table":5,"minecraft:leather_chestplate":1,"minecraft:wooden_pickaxe":1,"minecraft:tuff":49,"minecraft:string":2,"minecraft:dirt":60,"minecraft:cobbled_deepslate":318,"minecraft:iron_ingot":6,"minecraft:stone_pickaxe":1,"minecraft:furnace":2,"minecraft:stick":10,"minecraft:raw_iron":30,"minecraft:sweet_berries":58,"minecraft:axolotl_bucket":1,"minecraft:spruce_fence":1,"minecraft:gravel":6,"minecraft:porkchop":1,"minecraft:diorite":2,"minecraft:spruce_log":8,"minecraft:arrow":1,"minecraft:rotten_flesh":6,"minecraft:diamond":76,"minecraft:stone_axe":1,"minecraft:granite":12,"minecraft:bread":5,"minecraft:coal":76,"minecraft:cobblestone":155},"minecraft:killed_by":{"minecraft:player":3}},"DataVersion":3953}