{"stats":{"minecraft:custom":{"minecraft:jump":124,"minecraft:time_since_rest":10449,"minecraft:damage_dealt":232,"minecraft:crouch_one_cm":55,"minecraft:leave_game":2,"minecraft:play_time":10449,"minecraft:sprint_one_cm":18417,"minecraft:damage_taken":630,"minecraft:time_since_death":10449,"minecraft:walk_one_cm":20047,"minecraft:sneak_time":41,"minecraft:total_world_time":10449,"minecraft:climb_one_cm":48,"minecraft:fall_one_cm":4272,"minecraft:fly_one_cm":17858},"minecraft:used":{"minecraft:nether_bricks":1,"minecraft:diamond_sword":5,"minecraft:diamond_boots":1},"minecraft:picked_up":{"minecraft:diamond_sword":1,"minecraft:nether_bricks":1,"minecraft:diamond_boots":1},"minecraft:mined":{"minecraft:fire":1}},"DataVersion":3953}