{"stats":{"minecraft:crafted":{"minecraft:diamond_sword":1,"minecraft:diamond_helmet":1,"minecraft:diamond_leggings":1,"minecraft:stone_pickaxe":1,"minecraft:diamond_boots":1,"minecraft:diamond_chestplate":1},"minecraft:custom":{"minecraft:time_since_rest":1833,"minecraft:sprint_one_cm":4683,"minecraft:damage_taken":326,"minecraft:walk_one_cm":35182,"minecraft:damage_dealt":234,"minecraft:interact_with_crafting_table":5,"minecraft:fly_one_cm":3006,"minecraft:play_time":9254,"minecraft:deaths":1,"minecraft:sneak_time":20,"minecraft:jump":49,"minecraft:leave_game":1,"minecraft:time_since_death":1753,"minecraft:total_world_time":9254,"minecraft:fall_one_cm":209},"minecraft:mined":{"minecraft:cobbled_deepslate":3,"minecraft:crafting_table":2,"minecraft:deepslate":21},"minecraft:used":{"minecraft:diamond_boots":1,"minecraft:iron_axe":2,"minecraft:bread":1,"minecraft:stone_pickaxe":20,"minecraft:wooden_pickaxe":4,"minecraft:diamond_chestplate":1,"minecraft:torch":2,"minecraft:diamond_sword":14,"minecraft:crafting_table":1,"minecraft:diamond_helmet":2,"minecraft:cobbled_deepslate":2,"minecraft:diamond_leggings":1},"minecraft:picked_up":{"minecraft:stick":9,"minecraft:crafting_table":3,"minecraft:wheat":2,"minecraft:torch":11,"minecraft:diamond_sword":1,"minecraft:wooden_pickaxe":2,"minecraft:iron_axe":2,"minecraft:rotten_flesh":3,"minecraft:diamond_chestplate":1,"minecraft:diamond":28,"minecraft:diamond_leggings":1,"minecraft:cobbled_deepslate":23,"minecraft:diamond_boots":1,"minecraft:stone_pickaxe":1,"minecraft:bread":1,"minecraft:diamond_helmet":1},"minecraft:killed_by":{"minecraft:player":1}},"DataVersion":3953}