{"stats":{"minecraft:killed_by":{"minecraft:player":1},"minecraft:dropped":{"minecraft:enchanted_book":1,"minecraft:gravel":3,"minecraft:oak_log":1,"minecraft:cobbled_deepslate":222,"minecraft:diamond":6,"minecraft:tuff":1,"minecraft:rotten_flesh":1,"minecraft:light_gray_wool":2,"minecraft:smoker":1,"minecraft:granite":12,"minecraft:blast_furnace":1,"minecraft:music_disc_13":1,"minecraft:poppy":4,"minecraft:dirt":6,"minecraft:potato":2,"minecraft:diorite":10,"minecraft:diamond_boots":1,"minecraft:spider_eye":1,"minecraft:raw_gold":2,"minecraft:string":5,"minecraft:white_wool":5,"minecraft:netherrack":6,"minecraft:redstone":1},"minecraft:crafted":{"minecraft:oak_planks":84,"minecraft:cooked_porkchop":6,"minecraft:diamond_axe":1,"minecraft:crafting_table":1,"minecraft:cooked_mutton":8,"minecraft:air":0,"minecraft:diamond_helmet":1,"minecraft:diamond_leggings":1,"minecraft:diamond_pickaxe":1,"minecraft:shield":1,"minecraft:stick":4,"minecraft:diamond_boots":1,"minecraft:diamond_chestplate":1},"minecraft:used":{"minecraft:cooked_mutton":8,"minecraft:diamond_boots":1,"minecraft:oak_planks":58,"minecraft:shield":5,"minecraft:diamond_axe":36,"minecraft:golden_apple":1,"minecraft:crafting_table":2,"minecraft:nether_bricks":1,"minecraft:blast_furnace":1,"minecraft:smoker":1,"minecraft:diamond_pickaxe":586,"minecraft:diamond_sword":68,"minecraft:cobblestone":53,"minecraft:yellow_bed":1,"minecraft:cobbled_deepslate":27},"minecraft:custom":{"minecraft:mob_kills":18,"minecraft:interact_with_crafting_table":4,"minecraft:bell_ring":6592,"minecraft:leave_game":4,"minecraft:time_since_death":8994,"minecraft:sleep_in_bed":1,"minecraft:climb_one_cm":48,"minecraft:time_since_rest":9045,"minecraft:damage_absorbed":40,"minecraft:sprint_one_cm":174389,"minecraft:walk_one_cm":156546,"minecraft:damage_taken":2313,"minecraft:damage_blocked_by_shield":317,"minecraft:drop":26,"minecraft:damage_dealt":2546,"minecraft:talked_to_villager":4,"minecraft:swim_one_cm":14036,"minecraft:fly_one_cm":292409,"minecraft:open_chest":11,"minecraft:crouch_one_cm":13873,"minecraft:play_time":66707,"minecraft:deaths":1,"minecraft:sneak_time":5843,"minecraft:walk_under_water_one_cm":3452,"minecraft:jump":1345,"minecraft:walk_on_water_one_cm":6829,"minecraft:interact_with_smoker":9,"minecraft:total_world_time":66707,"minecraft:fall_one_cm":37228,"minecraft:horse_one_cm":1818},"minecraft:picked_up":{"minecraft:crafting_table":3,"minecraft:andesite":24,"minecraft:golden_leggings":1,"minecraft:diamond_sword":2,"minecraft:red_mushroom":1,"minecraft:smoker":3,"minecraft:potion":1,"minecraft:enchanted_book":3,"minecraft:tuff":1,"minecraft:oak_log":23,"minecraft:shield":1,"minecraft:yellow_bed":1,"minecraft:dirt":12,"minecraft:string":2,"minecraft:cooked_mutton":2,"minecraft:diamond_leggings":1,"minecraft:wheat_seeds":1,"minecraft:gold_nugget":9,"minecraft:cobbled_deepslate":261,"minecraft:raw_gold":2,"minecraft:bucket":1,"minecraft:beef":4,"minecraft:iron_ingot":17,"minecraft:diamond_helmet":1,"minecraft:poppy":8,"minecraft:light_gray_wool":2,"minecraft:oak_planks":20,"minecraft:cooked_porkchop":6,"minecraft:music_disc_13":2,"minecraft:torch":2,"minecraft:quartz":106,"minecraft:gravel":3,"minecraft:porkchop":9,"minecraft:blast_furnace":2,"minecraft:diorite":10,"minecraft:spider_eye":1,"minecraft:rotten_flesh":1,"minecraft:arrow":18,"minecraft:diamond_chestplate":1,"minecraft:diamond":36,"minecraft:nether_bricks":1,"minecraft:diamond_boots":3,"minecraft:diamond_axe":1,"minecraft:granite":12,"minecraft:bread":4,"minecraft:saddle":1,"minecraft:golden_horse_armor":1,"minecraft:netherrack":15,"minecraft:diamond_pickaxe":2,"minecraft:mutton":8,"minecraft:white_wool":5,"minecraft:cobblestone":195},"minecraft:killed":{"minecraft:piglin":1,"minecraft:pig":5,"minecraft:spider":4,"minecraft:sheep":6,"minecraft:chicken":1,"minecraft:cow":1},"minecraft:mined":{"minecraft:nether_gold_ore":2,"minecraft:tuff":1,"minecraft:deepslate_diamond_ore":38,"minecraft:smoker":1,"minecraft:crafting_table":2,"minecraft:granite":12,"minecraft:short_grass":7,"minecraft:blast_furnace":1,"minecraft:grass_block":1,"minecraft:nether_quartz_ore":108,"minecraft:tall_grass":2,"minecraft:cobblestone":4,"minecraft:red_mushroom":1,"minecraft:deepslate_gold_ore":2,"minecraft:oak_planks":13,"minecraft:diorite":11,"minecraft:cobbled_deepslate":16,"minecraft:fire":1,"minecraft:andesite":12,"minecraft:yellow_bed":1,"minecraft:oak_log":22,"minecraft:gravel":3,"minecraft:dirt":1,"minecraft:stone":106,"minecraft:netherrack":17,"minecraft:deepslate":246}},"DataVersion":3953}