{"stats":{"minecraft:custom":{"minecraft:time_since_rest":30989,"minecraft:sprint_one_cm":104488,"minecraft:damage_taken":1394,"minecraft:walk_one_cm":61827,"minecraft:mob_kills":13,"minecraft:drop":1,"minecraft:damage_dealt":1505,"minecraft:interact_with_crafting_table":1,"minecraft:swim_one_cm":4510,"minecraft:talked_to_villager":1,"minecraft:fly_one_cm":218127,"minecraft:open_chest":3,"minecraft:crouch_one_cm":999,"minecraft:play_time":30989,"minecraft:sneak_time":359,"minecraft:bell_ring":1,"minecraft:walk_under_water_one_cm":481,"minecraft:jump":822,"minecraft:leave_game":3,"minecraft:walk_on_water_one_cm":2376,"minecraft:time_since_death":30989,"minecraft:total_world_time":30989,"minecraft:climb_one_cm":48,"minecraft:fall_one_cm":25574,"minecraft:horse_one_cm":1818},"minecraft:mined":{"minecraft:deepslate_diamond_ore":2,"minecraft:fire":1,"minecraft:andesite":12,"minecraft:yellow_bed":1,"minecraft:granite":12,"minecraft:short_grass":7,"minecraft:blast_furnace":1,"minecraft:grass_block":1,"minecraft:dirt":1,"minecraft:tall_grass":1,"minecraft:stone":106,"minecraft:diorite":11,"minecraft:deepslate":25},"minecraft:picked_up":{"minecraft:andesite":12,"minecraft:diamond_sword":1,"minecraft:porkchop":7,"minecraft:blast_furnace":2,"minecraft:diorite":10,"minecraft:yellow_bed":1,"minecraft:dirt":2,"minecraft:diamond":1,"minecraft:nether_bricks":1,"minecraft:cobbled_deepslate":25,"minecraft:diamond_boots":1,"minecraft:granite":12,"minecraft:light_gray_wool":2,"minecraft:mutton":8,"minecraft:cobblestone":106,"minecraft:white_wool":5,"minecraft:diamond_pickaxe":1},"minecraft:dropped":{"minecraft:blast_furnace":1},"minecraft:killed":{"minecraft:sheep":6,"minecraft:pig":5,"minecraft:chicken":1,"minecraft:cow":1},"minecraft:used":{"minecraft:diamond_pickaxe":169,"minecraft:diamond_boots":1,"minecraft:diamond_sword":41,"minecraft:cobblestone":4,"minecraft:nether_bricks":1,"minecraft:blast_furnace":1,"minecraft:yellow_bed":1}},"DataVersion":3953}