{"stats":{"minecraft:dropped":{"minecraft:wooden_sword":1},"minecraft:used":{"minecraft:wooden_sword":5,"minecraft:crafting_table":1,"minecraft:melon_slice":4},"minecraft:mined":{"minecraft:grass":7,"minecraft:melon":6,"minecraft:jungle_log":7,"minecraft:jungle_leaves":2,"minecraft:oak_leaves":1,"minecraft:crafting_table":1,"minecraft:fern":2},"minecraft:picked_up":{"minecraft:wooden_sword":1,"minecraft:crafting_table":1,"minecraft:jungle_log":7,"minecraft:wheat_seeds":1,"minecraft:melon_slice":24},"minecraft:crafted":{"minecraft:wooden_sword":1,"minecraft:crafting_table":1,"minecraft:stick":4,"minecraft:jungle_planks":28},"minecraft:custom":{"minecraft:time_since_rest":5704,"minecraft:play_time":5704,"minecraft:sprint_one_cm":8044,"minecraft:damage_taken":80,"minecraft:walk_one_cm":12374,"minecraft:drop":1,"minecraft:jump":51,"minecraft:time_since_death":5704,"minecraft:total_world_time":5704,"minecraft:climb_one_cm":826,"minecraft:fly_one_cm":1346,"minecraft:interact_with_crafting_table":1,"minecraft:fall_one_cm":1081}},"DataVersion":2975}