{"stats":{"minecraft:killed_by":{"minecraft:player":5},"minecraft:dropped":{"minecraft:enchanted_book":1,"minecraft:iron_block":1,"minecraft:tipped_arrow":2,"minecraft:red_candle":7,"minecraft:diamond_chestplate":1,"minecraft:waxed_chiseled_copper":1},"minecraft:used":{"minecraft:chiseled_tuff":2,"minecraft:baked_potato":2,"minecraft:oak_planks":24,"minecraft:diamond_axe":7,"minecraft:cooked_chicken":3,"minecraft:golden_apple":5,"minecraft:crafting_table":1,"minecraft:lingering_potion":1,"minecraft:diamond_pickaxe":3,"minecraft:ominous_trial_key":1,"minecraft:bread":1,"minecraft:fire_charge":4,"minecraft:diamond_sword":16,"minecraft:golden_carrot":4,"minecraft:cobblestone":39,"minecraft:splash_potion":2},"minecraft:mined":{"minecraft:crafting_table":1,"minecraft:ladder":6,"minecraft:cobblestone":2,"minecraft:fire":1,"minecraft:netherrack":1},"minecraft:custom":{"minecraft:mob_kills":4,"minecraft:interact_with_crafting_table":1,"minecraft:leave_game":1,"minecraft:time_since_death":0,"minecraft:climb_one_cm":1642,"minecraft:time_since_rest":50,"minecraft:walk_one_cm":87595,"minecraft:sprint_one_cm":76305,"minecraft:damage_taken":2498,"minecraft:damage_absorbed":130,"minecraft:drop":7,"minecraft:damage_dealt":535,"minecraft:fly_one_cm":42426,"minecraft:crouch_one_cm":727,"minecraft:play_time":21716,"minecraft:deaths":5,"minecraft:sneak_time":184,"minecraft:walk_under_water_one_cm":106,"minecraft:jump":271,"minecraft:walk_on_water_one_cm":2169,"minecraft:total_world_time":21716,"minecraft:fall_one_cm":13371,"minecraft:inspect_dispenser":6},"minecraft:picked_up":{"minecraft:crafting_table":5,"minecraft:ladder":12,"minecraft:golden_carrot":95,"minecraft:diamond_sword":4,"minecraft:enchanted_book":4,"minecraft:oak_log":8,"minecraft:brick":7,"minecraft:wind_charge":27,"minecraft:map":50,"minecraft:red_candle":28,"minecraft:bone":295,"minecraft:diamond_leggings":4,"minecraft:bucket":5,"minecraft:iron_ingot":58,"minecraft:cooked_chicken":3,"minecraft:chiseled_tuff":4,"minecraft:diamond_helmet":4,"minecraft:oak_planks":32,"minecraft:waxed_oxidized_copper":2,"minecraft:diamond_hoe":5,"minecraft:tipped_arrow":71,"minecraft:stick":12,"minecraft:emerald_block":3,"minecraft:waxed_chiseled_copper":4,"minecraft:fire_charge":6,"minecraft:waxed_copper_grate":20,"minecraft:redstone":50,"minecraft:polished_tuff":2,"minecraft:golden_chestplate":10,"minecraft:rotten_flesh":434,"minecraft:arrow":159,"minecraft:diamond_chestplate":7,"minecraft:diamond":282,"minecraft:diamond_boots":4,"minecraft:diamond_axe":4,"minecraft:iron_block":4,"minecraft:golden_apple":10,"minecraft:emerald":16,"minecraft:flow_armor_trim_smithing_template":2,"minecraft:bread":5,"minecraft:baked_potato":2,"minecraft:ominous_trial_key":1,"minecraft:cobblestone":78,"minecraft:diamond_pickaxe":4},"minecraft:crafted":{"minecraft:oak_planks":32,"minecraft:diamond_sword":1,"minecraft:diamond_axe":1,"minecraft:crafting_table":1,"minecraft:diamond_helmet":1,"minecraft:diamond_leggings":1,"minecraft:diamond_pickaxe":1,"minecraft:stick":8,"minecraft:iron_ingot":9,"minecraft:diamond_boots":1,"minecraft:diamond_chestplate":1},"minecraft:killed":{"minecraft:zombie":4}},"DataVersion":3953}