{"stats":{"minecraft:used":{"minecraft:wooden_sword":5,"minecraft:crafting_table":1,"minecraft:melon_slice":4},"minecraft:picked_up":{"minecraft:wooden_sword":1,"minecraft:crafting_table":1,"minecraft:jungle_log":7,"minecraft:wheat_seeds":1,"minecraft:melon_slice":24},"minecraft:custom":{"minecraft:time_since_rest":9102,"minecraft:play_time":9102,"minecraft:sprint_one_cm":10620,"minecraft:damage_taken":80,"minecraft:walk_one_cm":21568,"minecraft:drop":1,"minecraft:jump":105,"minecraft:leave_game":1,"minecraft:time_since_death":9102,"minecraft:total_world_time":9102,"minecraft:climb_one_cm":1864,"minecraft:interact_with_crafting_table":1,"minecraft:fall_one_cm":2184,"minecraft:fly_one_cm":3930},"minecraft:mined":{"minecraft:grass":7,"minecraft:melon":6,"minecraft:jungle_log":7,"minecraft:jungle_leaves":2,"minecraft:oak_leaves":1,"minecraft:fern":2,"minecraft:crafting_table":1},"minecraft:dropped":{"minecraft:wooden_sword":1},"minecraft:crafted":{"minecraft:wooden_sword":1,"minecraft:crafting_table":1,"minecraft:stick":4,"minecraft:jungle_planks":28}},"DataVersion":2975}