{"stats":{"minecraft:dropped":{"minecraft:water_bucket":1,"minecraft:enchanted_book":2,"minecraft:iron_ingot":3,"minecraft:iron_sword":1,"minecraft:soul_sand":4,"minecraft:diamond_axe":1,"minecraft:warped_fungus":2,"minecraft:glass_bottle":1,"minecraft:diamond":2,"minecraft:cooked_porkchop":1,"minecraft:diamond_leggings":1,"minecraft:crossbow":1,"minecraft:warped_roots":14,"minecraft:spectral_arrow":12,"minecraft:stick":5,"minecraft:lava_bucket":1,"minecraft:cracked_polished_blackstone_bricks":1,"minecraft:golden_carrot":5,"minecraft:wooden_axe":1,"minecraft:diamond_helmet":1,"minecraft:bone_block":2,"minecraft:iron_axe":2,"minecraft:iron_pickaxe":1,"minecraft:string":48,"minecraft:gold_ingot":188,"minecraft:bone":1,"minecraft:gravel":18,"minecraft:blackstone":27,"minecraft:warped_nylium":4,"minecraft:cobbled_deepslate":1,"minecraft:wheat":1,"minecraft:iron_boots":1,"minecraft:warped_planks":28,"minecraft:diamond_sword":3,"minecraft:diamond_chestplate":3,"minecraft:diamond_pickaxe":3,"minecraft:golden_sword":1,"minecraft:diamond_boots":3,"minecraft:basalt":67,"minecraft:arrow":15,"minecraft:stone_pickaxe":1,"minecraft:wooden_pickaxe":1,"minecraft:crying_obsidian":3,"minecraft:magma_cream":3,"minecraft:quartz":32,"minecraft:netherrack":20,"minecraft:black_wool":1},"minecraft:custom":{"minecraft:mob_kills":18,"minecraft:interact_with_crafting_table":21,"minecraft:leave_game":4,"minecraft:time_since_death":18621,"minecraft:climb_one_cm":1624,"minecraft:sprint_one_cm":174643,"minecraft:walk_one_cm":205993,"minecraft:drop":83,"minecraft:play_time":103098,"minecraft:deaths":6,"minecraft:sneak_time":9918,"minecraft:jump":2187,"minecraft:interact_with_blast_furnace":9,"minecraft:walk_on_water_one_cm":8370,"minecraft:total_world_time":103098,"minecraft:interact_with_furnace":1,"minecraft:sleep_in_bed":3,"minecraft:time_since_rest":18673,"minecraft:damage_taken":10869,"minecraft:damage_dealt":8080,"minecraft:player_kills":5,"minecraft:fly_one_cm":709157,"minecraft:open_chest":20,"minecraft:crouch_one_cm":24252,"minecraft:fall_one_cm":93779},"minecraft:crafted":{"minecraft:oak_planks":20,"minecraft:furnace":1,"minecraft:warped_planks":44,"minecraft:diamond_helmet":2,"minecraft:diamond_leggings":1,"minecraft:iron_axe":1,"minecraft:stone_pickaxe":1,"minecraft:chest":1,"minecraft:diamond_boots":2,"minecraft:diamond_sword":3,"minecraft:diamond_axe":3,"minecraft:crafting_table":5,"minecraft:wooden_pickaxe":1,"minecraft:iron_sword":1,"minecraft:birch_planks":40,"minecraft:air":0,"minecraft:diamond_pickaxe":3,"minecraft:stick":20,"minecraft:iron_ingot":10,"minecraft:iron_pickaxe":1,"minecraft:wooden_axe":1,"minecraft:gold_ingot":90,"minecraft:diamond_chestplate":4},"minecraft:used":{"minecraft:chest":1,"minecraft:iron_sword":17,"minecraft:netherrack":235,"minecraft:nether_bricks":10,"minecraft:twisting_vines":1,"minecraft:diamond_helmet":1,"minecraft:tuff":3,"minecraft:obsidian":10,"minecraft:wooden_axe":16,"minecraft:lava_bucket":5,"minecraft:iron_axe":3,"minecraft:smooth_basalt":17,"minecraft:diamond_chestplate":3,"minecraft:basalt":34,"minecraft:golden_carrot":5,"minecraft:gold_block":1,"minecraft:cobbled_deepslate":63,"minecraft:warped_stem":3,"minecraft:diamond_boots":2,"minecraft:stone_pickaxe":27,"minecraft:blackstone":57,"minecraft:wooden_pickaxe":3,"minecraft:diamond_axe":32,"minecraft:polished_blackstone_bricks":9,"minecraft:crafting_table":7,"minecraft:blast_furnace":1,"minecraft:black_bed":1,"minecraft:diamond_pickaxe":624,"minecraft:crying_obsidian":11,"minecraft:cracked_polished_blackstone_bricks":15,"minecraft:iron_pickaxe":70,"minecraft:diamond_sword":137,"minecraft:fire_charge":4,"minecraft:potion":1,"minecraft:bucket":6,"minecraft:chain":4},"minecraft:killed":{"minecraft:piglin":6,"minecraft:sheep":3,"minecraft:wither_skeleton":2,"minecraft:enderman":7},"minecraft:broken":{"minecraft:diamond_helmet":1},"minecraft:picked_up":{"minecraft:crafting_table":2,"minecraft:splash_potion":4,"minecraft:diamond_sword":6,"minecraft:potion":10,"minecraft:gold_block":10,"minecraft:enchanted_book":5,"minecraft:nether_brick":14,"minecraft:chain":4,"minecraft:golden_sword":1,"minecraft:string":110,"minecraft:iron_axe":2,"minecraft:blackstone":96,"minecraft:diamond_leggings":5,"minecraft:gold_nugget":20,"minecraft:cobbled_deepslate":148,"minecraft:calcite":5,"minecraft:iron_nugget":204,"minecraft:iron_boots":8,"minecraft:raw_iron":11,"minecraft:fire_charge":3,"minecraft:polished_blackstone_bricks":9,"minecraft:warped_planks":188,"minecraft:arrow":63,"minecraft:diamond_chestplate":3,"minecraft:nether_bricks":10,"minecraft:diamond_boots":5,"minecraft:iron_block":4,"minecraft:gold_ingot":96,"minecraft:obsidian":45,"minecraft:mutton":5,"minecraft:bone_block":6,"minecraft:white_wool":2,"minecraft:cobblestone":17,"minecraft:birch_log":10,"minecraft:basalt":266,"minecraft:magma_cream":3,"minecraft:golden_carrot":20,"minecraft:andesite":5,"minecraft:leather":65,"minecraft:tuff":3,"minecraft:oak_log":5,"minecraft:twisting_vines":1,"minecraft:bone":1,"minecraft:warped_stem":14,"minecraft:iron_ingot":1,"minecraft:diamond_helmet":3,"minecraft:soul_sand":10,"minecraft:warped_fungus":3,"minecraft:smooth_basalt":40,"minecraft:quartz":52,"minecraft:gravel":36,"minecraft:blast_furnace":1,"minecraft:crying_obsidian":18,"minecraft:spectral_arrow":36,"minecraft:diamond":116,"minecraft:cracked_polished_blackstone_bricks":16,"minecraft:crossbow":2,"minecraft:diamond_axe":4,"minecraft:warped_roots":14,"minecraft:warped_nylium":8,"minecraft:netherrack":869,"minecraft:black_wool":1,"minecraft:coal":13,"minecraft:ender_pearl":7,"minecraft:diamond_pickaxe":6},"minecraft:mined":{"minecraft:nether_gold_ore":2,"minecraft:diamond_ore":1,"minecraft:tuff":3,"minecraft:deepslate_diamond_ore":81,"minecraft:nether_bricks":11,"minecraft:crimson_roots":1,"minecraft:cracked_polished_blackstone_bricks":15,"minecraft:polished_blackstone_bricks":9,"minecraft:nether_sprouts":4,"minecraft:iron_ore":11,"minecraft:cobbled_deepslate":6,"minecraft:fire":9,"minecraft:andesite":5,"minecraft:gold_block":10,"minecraft:twisting_vines":2,"minecraft:warped_stem":11,"minecraft:stone":15,"minecraft:blackstone":60,"minecraft:crimson_nylium":2,"minecraft:basalt":79,"minecraft:crafting_table":2,"minecraft:short_grass":2,"minecraft:blast_furnace":1,"minecraft:calcite":5,"minecraft:warped_roots":1,"minecraft:nether_quartz_ore":2,"minecraft:cobblestone":1,"minecraft:warped_nylium":2,"minecraft:birch_log":10,"minecraft:birch_leaves":1,"minecraft:oak_log":6,"minecraft:coal_ore":5,"minecraft:smooth_basalt":23,"minecraft:netherrack":231,"minecraft:oak_leaves":2,"minecraft:deepslate":131},"minecraft:killed_by":{"minecraft:player":2,"minecraft:enderman":2,"minecraft:piglin":1}},"DataVersion":3953}