{"stats":{"minecraft:custom":{"minecraft:jump":37,"minecraft:time_since_rest":2242,"minecraft:leave_game":1,"minecraft:damage_taken":10,"minecraft:sprint_one_cm":3029,"minecraft:play_time":2242,"minecraft:time_since_death":2242,"minecraft:walk_one_cm":1988,"minecraft:total_world_time":2242,"minecraft:fall_one_cm":836,"minecraft:fly_one_cm":5588},"minecraft:picked_up":{"minecraft:oak_log":4},"minecraft:crafted":{"minecraft:crafting_table":1,"minecraft:oak_planks":16},"minecraft:mined":{"minecraft:short_grass":1,"minecraft:oak_log":4,"minecraft:oak_leaves":2}},"DataVersion":3953}