{"stats":{"minecraft:killed_by":{"minecraft:player":2,"minecraft:enderman":2,"minecraft:piglin":1},"minecraft:dropped":{"minecraft:water_bucket":1,"minecraft:enchanted_book":3,"minecraft:iron_ingot":3,"minecraft:bread":10,"minecraft:iron_sword":1,"minecraft:soul_sand":4,"minecraft:wheat_seeds":2,"minecraft:diamond_axe":1,"minecraft:warped_fungus":2,"minecraft:glass_bottle":1,"minecraft:diamond":2,"minecraft:cooked_porkchop":1,"minecraft:diamond_leggings":1,"minecraft:crossbow":1,"minecraft:warped_roots":14,"minecraft:spectral_arrow":12,"minecraft:stick":8,"minecraft:emerald":1,"minecraft:lava_bucket":1,"minecraft:cracked_polished_blackstone_bricks":1,"minecraft:torch":3,"minecraft:golden_carrot":5,"minecraft:wooden_axe":1,"minecraft:diamond_helmet":1,"minecraft:bone_block":2,"minecraft:iron_axe":2,"minecraft:iron_pickaxe":1,"minecraft:string":48,"minecraft:gold_ingot":188,"minecraft:bone":1,"minecraft:oak_door":1,"minecraft:gravel":18,"minecraft:blackstone":27,"minecraft:warped_nylium":4,"minecraft:cobbled_deepslate":1,"minecraft:wheat":1,"minecraft:composter":1,"minecraft:rotten_flesh":1,"minecraft:iron_boots":1,"minecraft:warped_planks":28,"minecraft:diamond_sword":3,"minecraft:poppy":1,"minecraft:potato":8,"minecraft:diamond_chestplate":3,"minecraft:diamond_pickaxe":4,"minecraft:oak_sapling":2,"minecraft:golden_sword":1,"minecraft:diamond_boots":3,"minecraft:basalt":67,"minecraft:arrow":15,"minecraft:beef":2,"minecraft:wooden_pickaxe":1,"minecraft:stone_pickaxe":1,"minecraft:crying_obsidian":3,"minecraft:magma_cream":3,"minecraft:quartz":32,"minecraft:netherrack":20,"minecraft:black_wool":1},"minecraft:used":{"minecraft:chest":4,"minecraft:iron_sword":17,"minecraft:bell":2,"minecraft:netherrack":235,"minecraft:dirt":377,"minecraft:nether_bricks":10,"minecraft:twisting_vines":1,"minecraft:diamond_helmet":1,"minecraft:tuff":3,"minecraft:obsidian":20,"minecraft:wooden_axe":16,"minecraft:lava_bucket":5,"minecraft:iron_axe":3,"minecraft:smooth_basalt":17,"minecraft:diamond_chestplate":3,"minecraft:basalt":34,"minecraft:golden_carrot":5,"minecraft:gold_block":1,"minecraft:cooked_beef":10,"minecraft:cobbled_deepslate":63,"minecraft:cooked_mutton":1,"minecraft:warped_stem":3,"minecraft:diamond_boots":2,"minecraft:birch_planks":1,"minecraft:oak_planks":29,"minecraft:stone_pickaxe":27,"minecraft:ender_pearl":1,"minecraft:blackstone":57,"minecraft:wooden_pickaxe":3,"minecraft:sugar_cane":4,"minecraft:fletching_table":1,"minecraft:diamond_axe":155,"minecraft:polished_blackstone_bricks":9,"minecraft:crafting_table":9,"minecraft:blast_furnace":1,"minecraft:crossbow":1,"minecraft:white_bed":1,"minecraft:black_bed":1,"minecraft:smoker":3,"minecraft:warped_planks":31,"minecraft:diamond_pickaxe":1052,"minecraft:diamond_shovel":393,"minecraft:crying_obsidian":11,"minecraft:cracked_polished_blackstone_bricks":15,"minecraft:iron_pickaxe":70,"minecraft:spruce_sapling":4,"minecraft:diamond_sword":289,"minecraft:fire_charge":4,"minecraft:cobblestone":45,"minecraft:potion":1,"minecraft:bucket":6,"minecraft:chain":4,"minecraft:yellow_bed":6,"minecraft:oak_boat":1},"minecraft:crafted":{"minecraft:oak_planks":172,"minecraft:furnace":1,"minecraft:cooked_mutton":19,"minecraft:warped_planks":44,"minecraft:diamond_helmet":2,"minecraft:diamond_leggings":1,"minecraft:iron_axe":1,"minecraft:stone_pickaxe":1,"minecraft:chest":3,"minecraft:diamond_boots":2,"minecraft:cooked_beef":64,"minecraft:diamond_sword":3,"minecraft:cooked_porkchop":33,"minecraft:diamond_axe":3,"minecraft:crafting_table":7,"minecraft:wooden_pickaxe":1,"minecraft:iron_sword":1,"minecraft:birch_planks":40,"minecraft:air":0,"minecraft:oak_boat":1,"minecraft:diamond_pickaxe":3,"minecraft:stick":20,"minecraft:iron_ingot":10,"minecraft:iron_pickaxe":1,"minecraft:wooden_axe":1,"minecraft:gold_ingot":90,"minecraft:diamond_chestplate":4},"minecraft:custom":{"minecraft:mob_kills":84,"minecraft:interact_with_crafting_table":26,"minecraft:bell_ring":18,"minecraft:leave_game":5,"minecraft:time_since_death":74521,"minecraft:climb_one_cm":1624,"minecraft:sprint_one_cm":341842,"minecraft:walk_one_cm":383729,"minecraft:drop":98,"minecraft:talked_to_villager":3,"minecraft:play_time":158998,"minecraft:sneak_time":14175,"minecraft:deaths":6,"minecraft:walk_under_water_one_cm":1332,"minecraft:boat_one_cm":5372,"minecraft:jump":3851,"minecraft:interact_with_blast_furnace":9,"minecraft:walk_on_water_one_cm":9562,"minecraft:total_world_time":158998,"minecraft:interact_with_furnace":1,"minecraft:sleep_in_bed":8,"minecraft:time_since_rest":25925,"minecraft:damage_taken":12257,"minecraft:damage_dealt":18479,"minecraft:swim_one_cm":5250,"minecraft:player_kills":5,"minecraft:fly_one_cm":1068564,"minecraft:open_chest":39,"minecraft:crouch_one_cm":42017,"minecraft:interact_with_smoker":10,"minecraft:fall_one_cm":148150},"minecraft:picked_up":{"minecraft:crafting_table":2,"minecraft:splash_potion":4,"minecraft:diamond_sword":6,"minecraft:potion":10,"minecraft:gold_block":10,"minecraft:enchanted_book":6,"minecraft:nether_brick":14,"minecraft:chain":4,"minecraft:golden_sword":1,"minecraft:string":110,"minecraft:iron_axe":2,"minecraft:blackstone":96,"minecraft:diamond_leggings":5,"minecraft:gold_nugget":20,"minecraft:cobbled_deepslate":149,"minecraft:bucket":1,"minecraft:beef":66,"minecraft:oak_boat":1,"minecraft:calcite":5,"minecraft:poppy":1,"minecraft:iron_nugget":204,"minecraft:light_gray_wool":1,"minecraft:sugar_cane":4,"minecraft:chest":1,"minecraft:iron_boots":8,"minecraft:stick":16,"minecraft:raw_iron":11,"minecraft:oak_door":1,"minecraft:composter":2,"minecraft:torch":3,"minecraft:porkchop":33,"minecraft:fire_charge":3,"minecraft:polished_blackstone_bricks":9,"minecraft:warped_planks":197,"minecraft:cauldron":7,"minecraft:rotten_flesh":2,"minecraft:arrow":63,"minecraft:diamond_chestplate":3,"minecraft:nether_bricks":10,"minecraft:diamond_boots":5,"minecraft:iron_block":4,"minecraft:gold_ingot":96,"minecraft:obsidian":45,"minecraft:mutton":23,"minecraft:bone_block":6,"minecraft:white_wool":12,"minecraft:cobblestone":414,"minecraft:birch_log":10,"minecraft:basalt":266,"minecraft:magma_cream":3,"minecraft:golden_carrot":20,"minecraft:andesite":5,"minecraft:leather":112,"minecraft:birch_planks":2,"minecraft:smoker":1,"minecraft:flint":1,"minecraft:tuff":3,"minecraft:oak_log":43,"minecraft:lapis_lazuli":46,"minecraft:yellow_bed":6,"minecraft:gunpowder":1,"minecraft:cobblestone_stairs":1,"minecraft:dirt":387,"minecraft:twisting_vines":1,"minecraft:bone":1,"minecraft:wheat_seeds":13,"minecraft:warped_stem":14,"minecraft:bell":2,"minecraft:iron_ingot":9,"minecraft:fletching_table":1,"minecraft:diamond_helmet":3,"minecraft:oak_planks":7,"minecraft:soul_sand":10,"minecraft:warped_fungus":3,"minecraft:smooth_basalt":40,"minecraft:quartz":52,"minecraft:gravel":60,"minecraft:spruce_sapling":5,"minecraft:blast_furnace":2,"minecraft:white_bed":1,"minecraft:spruce_log":7,"minecraft:crying_obsidian":18,"minecraft:spectral_arrow":36,"minecraft:mossy_cobblestone":6,"minecraft:diamond":116,"minecraft:cracked_polished_blackstone_bricks":16,"minecraft:crossbow":3,"minecraft:diamond_axe":4,"minecraft:oak_sapling":2,"minecraft:warped_roots":14,"minecraft:warped_nylium":8,"minecraft:netherrack":869,"minecraft:black_wool":2,"minecraft:coal":13,"minecraft:ender_pearl":7,"minecraft:diamond_pickaxe":6},"minecraft:broken":{"minecraft:diamond_helmet":1},"minecraft:killed":{"minecraft:armadillo":2,"minecraft:piglin":6,"minecraft:pig":14,"minecraft:iron_golem":2,"minecraft:sheep":15,"minecraft:wither_skeleton":2,"minecraft:villager":1,"minecraft:cow":35,"minecraft:enderman":7},"minecraft:mined":{"minecraft:nether_gold_ore":2,"minecraft:diamond_ore":1,"minecraft:tuff":3,"minecraft:white_bed":2,"minecraft:mossy_cobblestone":6,"minecraft:deepslate_diamond_ore":81,"minecraft:cobblestone_stairs":1,"minecraft:nether_bricks":11,"minecraft:grass_block":66,"minecraft:crimson_roots":1,"minecraft:cracked_polished_blackstone_bricks":15,"minecraft:spruce_leaves":38,"minecraft:composter":2,"minecraft:polished_blackstone_bricks":9,"minecraft:spruce_sapling":2,"minecraft:iron_ore":11,"minecraft:nether_sprouts":4,"minecraft:cobbled_deepslate":7,"minecraft:fire":13,"minecraft:andesite":5,"minecraft:fletching_table":1,"minecraft:gold_block":10,"minecraft:bell":2,"minecraft:twisting_vines":2,"minecraft:water_cauldron":6,"minecraft:dirt_path":212,"minecraft:warped_stem":11,"minecraft:stone":342,"minecraft:glass_pane":5,"minecraft:blackstone":60,"minecraft:smoker":3,"minecraft:crimson_nylium":2,"minecraft:basalt":79,"minecraft:dandelion":1,"minecraft:crafting_table":2,"minecraft:cornflower":1,"minecraft:short_grass":36,"minecraft:blast_furnace":2,"minecraft:calcite":5,"minecraft:warped_roots":1,"minecraft:chest":1,"minecraft:nether_quartz_ore":2,"minecraft:tall_grass":3,"minecraft:cobblestone":74,"minecraft:lapis_ore":2,"minecraft:oak_planks":7,"minecraft:sugar_cane":3,"minecraft:birch_planks":1,"minecraft:warped_nylium":2,"minecraft:warped_planks":6,"minecraft:birch_log":10,"minecraft:spruce_log":7,"minecraft:birch_leaves":1,"minecraft:yellow_bed":6,"minecraft:oak_log":45,"minecraft:coal_ore":5,"minecraft:gravel":19,"minecraft:dirt":86,"minecraft:smooth_basalt":23,"minecraft:netherrack":231,"minecraft:oak_leaves":4,"minecraft:deepslate":131}},"DataVersion":3953}