{"stats":{"minecraft:broken":{"minecraft:wooden_axe":1},"minecraft:dropped":{"minecraft:gravel":3,"minecraft:iron_ingot":6,"minecraft:bread":6,"minecraft:iron_sword":1,"minecraft:stone_axe":2,"minecraft:sweet_berries":24,"minecraft:wheat_seeds":12,"minecraft:diamond":51,"minecraft:wheat":4,"minecraft:iron_helmet":1,"minecraft:cobblestone":3,"minecraft:rotten_flesh":6,"minecraft:iron_boots":1,"minecraft:stick":14,"minecraft:leather_chestplate":2,"minecraft:diorite":1,"minecraft:torch":29,"minecraft:iron_chestplate":1,"minecraft:wooden_axe":3,"minecraft:andesite":9,"minecraft:diamond_helmet":1,"minecraft:iron_leggings":1,"minecraft:axolotl_bucket":1,"minecraft:iron_axe":2,"minecraft:arrow":2,"minecraft:stone_pickaxe":1,"minecraft:wooden_pickaxe":3,"minecraft:iron_pickaxe":1,"minecraft:purple_carpet":1,"minecraft:bone":1},"minecraft:crafted":{"minecraft:diamond_sword":1,"minecraft:diamond_axe":1,"minecraft:crafting_table":7,"minecraft:spruce_planks":76,"minecraft:wooden_pickaxe":1,"minecraft:iron_helmet":1,"minecraft:iron_sword":1,"minecraft:spruce_door":3,"minecraft:bucket":1,"minecraft:stone_axe":1,"minecraft:air":0,"minecraft:iron_chestplate":1,"minecraft:iron_boots":1,"minecraft:diamond_helmet":1,"minecraft:diamond_leggings":1,"minecraft:diamond_pickaxe":1,"minecraft:shield":1,"minecraft:iron_axe":1,"minecraft:stick":24,"minecraft:iron_ingot":38,"minecraft:iron_pickaxe":1,"minecraft:wooden_axe":2,"minecraft:diamond_boots":1,"minecraft:iron_leggings":1,"minecraft:torch":12,"minecraft:diamond_chestplate":1},"minecraft:custom":{"minecraft:interact_with_furnace":3,"minecraft:mob_kills":11,"minecraft:interact_with_crafting_table":22,"minecraft:leave_game":2,"minecraft:time_since_death":45225,"minecraft:sleep_in_bed":2,"minecraft:climb_one_cm":279,"minecraft:time_since_rest":35829,"minecraft:sprint_one_cm":59254,"minecraft:damage_taken":687,"minecraft:walk_one_cm":101865,"minecraft:damage_blocked_by_shield":30,"minecraft:drop":49,"minecraft:damage_dealt":3893,"minecraft:player_kills":3,"minecraft:swim_one_cm":3842,"minecraft:fly_one_cm":47642,"minecraft:talked_to_villager":24,"minecraft:open_chest":7,"minecraft:crouch_one_cm":6603,"minecraft:play_time":45225,"minecraft:sneak_time":4174,"minecraft:walk_under_water_one_cm":2800,"minecraft:jump":496,"minecraft:interact_with_blast_furnace":10,"minecraft:walk_on_water_one_cm":1844,"minecraft:total_world_time":45225,"minecraft:fall_one_cm":10150},"minecraft:killed":{"minecraft:pig":4,"minecraft:iron_golem":1,"minecraft:skeleton":2,"minecraft:zombie":2,"minecraft:axolotl":1,"minecraft:enderman":1},"minecraft:used":{"minecraft:spruce_door":3,"minecraft:spruce_planks":15,"minecraft:shield":1,"minecraft:blue_bed":1,"minecraft:diamond_axe":1,"minecraft:iron_chestplate":1,"minecraft:torch":1,"minecraft:crafting_table":8,"minecraft:blast_furnace":1,"minecraft:axolotl_bucket":2,"minecraft:wooden_axe":44,"minecraft:bread":13,"minecraft:diamond_pickaxe":272,"minecraft:iron_pickaxe":240,"minecraft:iron_axe":1,"minecraft:lectern":12,"minecraft:purple_bed":2,"minecraft:diamond_chestplate":1,"minecraft:stone_axe":24,"minecraft:diamond_sword":19,"minecraft:cobblestone":33,"minecraft:sweet_berries":3,"minecraft:bucket":2,"minecraft:cobbled_deepslate":44},"minecraft:mined":{"minecraft:tuff":25,"minecraft:spruce_planks":5,"minecraft:deepslate_diamond_ore":64,"minecraft:crafting_table":2,"minecraft:blast_furnace":1,"minecraft:lectern":12,"minecraft:cobblestone":14,"minecraft:spruce_leaves":1,"minecraft:diorite":7,"minecraft:blue_bed":1,"minecraft:large_fern":1,"minecraft:purple_bed":3,"minecraft:iron_ore":32,"minecraft:cobbled_deepslate":2,"minecraft:wheat":2,"minecraft:sweet_berry_bush":12,"minecraft:spruce_log":16,"minecraft:andesite":16,"minecraft:coal_ore":20,"minecraft:purple_carpet":1,"minecraft:gravel":3,"minecraft:stone":90,"minecraft:deepslate":232},"minecraft:picked_up":{"minecraft:wooden_axe":2,"minecraft:crafting_table":1,"minecraft:leather_chestplate":1,"minecraft:wheat":4,"minecraft:andesite":16,"minecraft:wooden_pickaxe":2,"minecraft:tuff":27,"minecraft:blue_bed":1,"minecraft:iron_axe":1,"minecraft:purple_carpet":1,"minecraft:bone":1,"minecraft:wheat_seeds":12,"minecraft:cobbled_deepslate":237,"minecraft:spruce_planks":5,"minecraft:iron_ingot":4,"minecraft:stone_pickaxe":1,"minecraft:diamond_helmet":1,"minecraft:lectern":12,"minecraft:raw_iron":32,"minecraft:stick":8,"minecraft:sweet_berries":27,"minecraft:torch":18,"minecraft:axolotl_bucket":1,"minecraft:gravel":3,"minecraft:porkchop":8,"minecraft:blast_furnace":1,"minecraft:diorite":7,"minecraft:spruce_log":16,"minecraft:spruce_door":2,"minecraft:arrow":2,"minecraft:purple_bed":3,"minecraft:rotten_flesh":6,"minecraft:diamond":88,"minecraft:stone_axe":1,"minecraft:coal":34,"minecraft:cobblestone":101}},"DataVersion":3953}