{"stats":{"minecraft:killed_by":{"minecraft:iron_golem":1},"minecraft:dropped":{"minecraft:crimson_nylium":7,"minecraft:crimson_stem":1,"minecraft:soul_sand":5,"minecraft:short_grass":1,"minecraft:diamond":22,"minecraft:warped_fungus_on_a_stick":1,"minecraft:dirt":4,"minecraft:cracked_polished_blackstone_bricks":1,"minecraft:crimson_roots":3,"minecraft:gold_ingot":9,"minecraft:gravel":2,"minecraft:white_tulip":1,"minecraft:stone_axe":3,"minecraft:blackstone":23,"minecraft:iron_nugget":4,"minecraft:rotten_flesh":4,"minecraft:diamond_shovel":1,"minecraft:blaze_powder":1,"minecraft:poppy":1,"minecraft:gunpowder":13,"minecraft:chest":1,"minecraft:arrow":2,"minecraft:beef":3,"minecraft:oak_leaves":105,"minecraft:netherrack":3,"minecraft:egg":1,"minecraft:crimson_planks":1,"minecraft:wheat_seeds":5,"minecraft:diamond_leggings":3,"minecraft:oak_fence":2,"minecraft:cobblestone":1,"minecraft:granite":5,"minecraft:grass_block":1,"minecraft:coal":15,"minecraft:stick":6,"minecraft:nether_wart_block":2,"minecraft:diamond_helmet":6,"minecraft:iron_leggings":1,"minecraft:string":1,"minecraft:dandelion":1,"minecraft:nether_bricks":3,"minecraft:potato":2,"minecraft:shield":1,"minecraft:diamond_chestplate":3,"minecraft:iron_chestplate":1,"minecraft:diamond_pickaxe":1,"minecraft:oak_boat":1,"minecraft:oak_sapling":2,"minecraft:diamond_boots":3,"minecraft:stone_pickaxe":2},"minecraft:broken":{"minecraft:golden_boots":1,"minecraft:shears":1},"minecraft:used":{"minecraft:diamond_hoe":24,"minecraft:oak_sign":9,"minecraft:chest":16,"minecraft:shield":16,"minecraft:stone":158,"minecraft:zombie_spawn_egg":4,"minecraft:nether_bricks":2,"minecraft:obsidian":28,"minecraft:glass":220,"minecraft:lava_bucket":21,"minecraft:villager_spawn_egg":6,"minecraft:grass_block":19,"minecraft:bow":3,"minecraft:furnace":13,"minecraft:golden_boots":2,"minecraft:diamond_boots":1,"minecraft:warped_fungus_on_a_stick":465,"minecraft:stone_pickaxe":51,"minecraft:oak_planks":172,"minecraft:blackstone":17,"minecraft:wooden_pickaxe":16,"minecraft:diamond_axe":174,"minecraft:oak_leaves":128,"minecraft:blast_furnace":1,"minecraft:shears":238,"minecraft:mace":2,"minecraft:bread":66,"minecraft:string":1,"minecraft:gravel":13,"minecraft:diamond_sword":520,"minecraft:andesite":4,"minecraft:smooth_stone_slab":322,"minecraft:oak_boat":7,"minecraft:flint_and_steel":90,"minecraft:netherrack":923,"minecraft:torch":19,"minecraft:ancient_debris":1,"minecraft:dirt":515,"minecraft:anvil":5,"minecraft:hopper":9,"minecraft:wooden_axe":7,"minecraft:iron_axe":1,"minecraft:crimson_planks":74,"minecraft:diamond_chestplate":1,"minecraft:cooked_beef":9,"minecraft:cobbled_deepslate":261,"minecraft:crimson_stem":3,"minecraft:water_bucket":109,"minecraft:crafting_table":21,"minecraft:white_bed":4,"minecraft:painting":7,"minecraft:smoker":1,"minecraft:diamond_pickaxe":1659,"minecraft:diamond_shovel":661,"minecraft:iron_pickaxe":46,"minecraft:stone_axe":5,"minecraft:cobblestone":43,"minecraft:cooked_porkchop":3,"minecraft:bucket":73,"minecraft:yellow_bed":5,"minecraft:smooth_stone":325},"minecraft:mined":{"minecraft:granite":5,"minecraft:chiseled_polished_blackstone":1,"minecraft:grass_block":507,"minecraft:cracked_polished_blackstone_bricks":9,"minecraft:polished_blackstone_brick_slab":1,"minecraft:crimson_fungus":1,"minecraft:nether_wart":10,"minecraft:gilded_blackstone":1,"minecraft:smooth_stone":32,"minecraft:polished_blackstone_bricks":5,"minecraft:weeping_vines_plant":2,"minecraft:iron_ore":8,"minecraft:cobbled_deepslate":16,"minecraft:fire":89,"minecraft:dirt_path":55,"minecraft:tripwire":1,"minecraft:blackstone":42,"minecraft:smoker":1,"minecraft:crimson_nylium":18,"minecraft:soul_fire":7,"minecraft:torch":1,"minecraft:poppy":2,"minecraft:cobblestone":22,"minecraft:grindstone":1,"minecraft:oak_planks":6,"minecraft:wall_torch":1,"minecraft:nether_wart_block":2,"minecraft:birch_log":6,"minecraft:warped_fungus":2,"minecraft:smooth_stone_slab":12,"minecraft:oak_log":37,"minecraft:dirt":58,"minecraft:crimson_planks":7,"minecraft:netherrack":954,"minecraft:oak_leaves":246,"minecraft:deepslate":269,"minecraft:nether_gold_ore":17,"minecraft:diamond_ore":1,"minecraft:tuff":24,"minecraft:deepslate_diamond_ore":83,"minecraft:nether_bricks":7,"minecraft:crimson_roots":4,"minecraft:crimson_stem":31,"minecraft:hay_block":39,"minecraft:furnace":3,"minecraft:andesite":4,"minecraft:gold_block":5,"minecraft:deepslate_iron_ore":18,"minecraft:stone":95,"minecraft:white_tulip":1,"minecraft:basalt":3,"minecraft:dandelion":4,"minecraft:oak_fence":1,"minecraft:crafting_table":2,"minecraft:short_grass":177,"minecraft:lapis_ore":5,"minecraft:birch_leaves":1,"minecraft:yellow_bed":5,"minecraft:bee_nest":1,"minecraft:coal_ore":77,"minecraft:gravel":16},"minecraft:custom":{"minecraft:interact_with_crafting_table":56,"minecraft:leave_game":18,"minecraft:time_since_death":235859,"minecraft:sprint_one_cm":673104,"minecraft:damage_blocked_by_shield":1110,"minecraft:drop":85,"minecraft:talked_to_villager":4,"minecraft:play_time":417064,"minecraft:deaths":2,"minecraft:jump":8567,"minecraft:walk_on_water_one_cm":48376,"minecraft:interact_with_furnace":304,"minecraft:sleep_in_bed":6,"minecraft:damage_dealt":25463,"minecraft:player_kills":5,"minecraft:crouch_one_cm":99248,"minecraft:interact_with_smoker":11,"minecraft:mob_kills":108,"minecraft:interact_with_anvil":3,"minecraft:inspect_hopper":2,"minecraft:climb_one_cm":299,"minecraft:walk_one_cm":678189,"minecraft:strider_one_cm":450016,"minecraft:sneak_time":28972,"minecraft:walk_under_water_one_cm":10357,"minecraft:boat_one_cm":71751,"minecraft:interact_with_blast_furnace":15,"minecraft:total_world_time":417064,"minecraft:time_since_rest":114368,"minecraft:damage_taken":14341,"minecraft:swim_one_cm":21643,"minecraft:fly_one_cm":1262057,"minecraft:open_chest":166,"minecraft:fall_one_cm":224567},"minecraft:picked_up":{"minecraft:wheat":6,"minecraft:lead":1,"minecraft:diamond_sword":1,"minecraft:nether_brick":10,"minecraft:crimson_planks":8,"minecraft:string":11,"minecraft:smooth_stone_slab":18,"minecraft:iron_leggings":1,"minecraft:oak_sign":1,"minecraft:diamond_leggings":4,"minecraft:cobbled_deepslate":284,"minecraft:gold_nugget":73,"minecraft:smooth_stone":32,"minecraft:white_tulip":1,"minecraft:redstone_torch":1,"minecraft:furnace":3,"minecraft:stick":3,"minecraft:polished_blackstone_brick_slab":2,"minecraft:oak_fence":2,"minecraft:torch":8,"minecraft:porkchop":5,"minecraft:rotten_flesh":12,"minecraft:blaze_rod":4,"minecraft:blaze_powder":11,"minecraft:cobblestone":169,"minecraft:birch_log":6,"minecraft:feather":7,"minecraft:cooked_beef":18,"minecraft:water_bucket":1,"minecraft:andesite":4,"minecraft:smoker":1,"minecraft:potato":2,"minecraft:flint":1,"minecraft:tuff":24,"minecraft:lapis_lazuli":28,"minecraft:dirt":614,"minecraft:bone":1,"minecraft:bow":2,"minecraft:wheat_seeds":44,"minecraft:grindstone":1,"minecraft:diamond_helmet":6,"minecraft:oak_planks":61,"minecraft:ghast_tear":1,"minecraft:cooked_porkchop":28,"minecraft:grass_block":2,"minecraft:diamond":123,"minecraft:cracked_polished_blackstone_bricks":2,"minecraft:granite":5,"minecraft:golden_apple":1,"minecraft:bread":95,"minecraft:oak_sapling":6,"minecraft:light_gray_carpet":3,"minecraft:netherrack":962,"minecraft:oak_leaves":233,"minecraft:crimson_roots":7,"minecraft:diamond_pickaxe":2,"minecraft:crafting_table":2,"minecraft:splash_potion":1,"minecraft:ladder":2,"minecraft:nether_wart":15,"minecraft:gold_block":6,"minecraft:shield":2,"minecraft:oak_trapdoor":2,"minecraft:iron_axe":1,"minecraft:white_carpet":7,"minecraft:blackstone":53,"minecraft:beef":20,"minecraft:oak_boat":4,"minecraft:iron_nugget":4,"minecraft:poppy":4,"minecraft:chest":1,"minecraft:egg":1,"minecraft:raw_iron":25,"minecraft:stone":11,"minecraft:weeping_vines":4,"minecraft:arrow":38,"minecraft:diamond_chestplate":4,"minecraft:nether_bricks":8,"minecraft:diamond_boots":1,"minecraft:hay_block":39,"minecraft:saddle":2,"minecraft:gold_ingot":7,"minecraft:oxeye_daisy":1,"minecraft:basalt":3,"minecraft:crimson_stem":32,"minecraft:salmon":2,"minecraft:leather":21,"minecraft:crimson_fungus":2,"minecraft:oak_log":37,"minecraft:yellow_bed":4,"minecraft:nether_wart_block":2,"minecraft:gunpowder":3,"minecraft:apple":7,"minecraft:iron_ingot":64,"minecraft:stone_pickaxe":1,"minecraft:cooked_chicken":5,"minecraft:soul_sand":5,"minecraft:flowering_azalea":1,"minecraft:warped_fungus":2,"minecraft:dandelion":7,"minecraft:gravel":28,"minecraft:lava_bucket":1,"minecraft:spider_eye":1,"minecraft:diamond_shovel":1,"minecraft:stone_axe":2,"minecraft:short_grass":1,"minecraft:diamond_axe":1,"minecraft:coal":82},"minecraft:crafted":{"minecraft:smooth_stone":514,"minecraft:oak_planks":476,"minecraft:blaze_powder":8,"minecraft:stone":425,"minecraft:diamond_shovel":1,"minecraft:diamond_helmet":1,"minecraft:diamond_leggings":1,"minecraft:chest":4,"minecraft:golden_boots":2,"minecraft:diamond_axe":1,"minecraft:crafting_table":19,"minecraft:wooden_pickaxe":1,"minecraft:birch_planks":24,"minecraft:iron_chestplate":1,"minecraft:diamond_pickaxe":2,"minecraft:shield":1,"minecraft:stick":80,"minecraft:iron_pickaxe":1,"minecraft:iron_ingot":28,"minecraft:gold_ingot":14,"minecraft:shears":1,"minecraft:fishing_rod":2,"minecraft:smooth_stone_slab":270,"minecraft:diamond_hoe":1,"minecraft:furnace":10,"minecraft:blast_furnace":1,"minecraft:oak_trapdoor":2,"minecraft:flint_and_steel":1,"minecraft:iron_axe":1,"minecraft:stone_pickaxe":1,"minecraft:diamond_boots":3,"minecraft:wheat":351,"minecraft:cooked_beef":11,"minecraft:crimson_planks":112,"minecraft:diamond_sword":1,"minecraft:bucket":7,"minecraft:stone_axe":1,"minecraft:bread":117,"minecraft:air":0,"minecraft:oak_boat":8,"minecraft:warped_fungus_on_a_stick":2,"minecraft:wooden_axe":1,"minecraft:iron_leggings":1,"minecraft:diamond_chestplate":1},"minecraft:killed":{"minecraft:zombified_piglin":5,"minecraft:spider":4,"minecraft:skeleton":2,"minecraft:bee":2,"minecraft:chicken":5,"minecraft:axolotl":1,"minecraft:cat":1,"minecraft:wolf":1,"minecraft:piglin":4,"minecraft:pig":13,"minecraft:salmon":2,"minecraft:iron_golem":6,"minecraft:strider":2,"minecraft:creeper":2,"minecraft:trader_llama":2,"minecraft:zombie":10,"minecraft:ghast":2,"minecraft:cow":15,"minecraft:blaze":17,"minecraft:bat":1,"minecraft:wandering_trader":1,"minecraft:hoglin":1,"minecraft:villager":3,"minecraft:enderman":1}},"DataVersion":3953}