{"stats":{"minecraft:crafted":{"minecraft:oak_planks":124,"minecraft:diamond_sword":1,"minecraft:diamond_axe":1,"minecraft:crafting_table":8,"minecraft:diamond_hoe":1,"minecraft:wooden_pickaxe":1,"minecraft:furnace":3,"minecraft:bucket":1,"minecraft:birch_planks":24,"minecraft:stone_axe":1,"minecraft:air":0,"minecraft:flint_and_steel":1,"minecraft:oak_boat":1,"minecraft:diamond_helmet":1,"minecraft:diamond_leggings":1,"minecraft:iron_chestplate":1,"minecraft:diamond_pickaxe":1,"minecraft:iron_axe":1,"minecraft:stick":52,"minecraft:iron_ingot":25,"minecraft:iron_pickaxe":1,"minecraft:stone_pickaxe":1,"minecraft:wooden_axe":1,"minecraft:chest":2,"minecraft:diamond_boots":1,"minecraft:iron_leggings":1,"minecraft:diamond_chestplate":1},"minecraft:custom":{"minecraft:interact_with_furnace":13,"minecraft:mob_kills":49,"minecraft:interact_with_crafting_table":14,"minecraft:leave_game":3,"minecraft:time_since_death":71262,"minecraft:sleep_in_bed":1,"minecraft:climb_one_cm":96,"minecraft:time_since_rest":2325,"minecraft:sprint_one_cm":146239,"minecraft:damage_taken":1273,"minecraft:walk_one_cm":119338,"minecraft:drop":13,"minecraft:damage_dealt":7000,"minecraft:swim_one_cm":8370,"minecraft:fly_one_cm":222331,"minecraft:open_chest":21,"minecraft:crouch_one_cm":2979,"minecraft:play_time":75031,"minecraft:deaths":1,"minecraft:sneak_time":1993,"minecraft:walk_under_water_one_cm":2551,"minecraft:boat_one_cm":51879,"minecraft:jump":1151,"minecraft:walk_on_water_one_cm":8216,"minecraft:interact_with_smoker":1,"minecraft:total_world_time":75031,"minecraft:fall_one_cm":31110},"minecraft:mined":{"minecraft:diamond_ore":1,"minecraft:tuff":24,"minecraft:deepslate_diamond_ore":83,"minecraft:smoker":1,"minecraft:crafting_table":1,"minecraft:granite":5,"minecraft:short_grass":12,"minecraft:cobblestone":8,"minecraft:lapis_ore":5,"minecraft:hay_block":24,"minecraft:birch_log":6,"minecraft:iron_ore":8,"minecraft:fire":42,"minecraft:andesite":4,"minecraft:birch_leaves":1,"minecraft:oak_log":6,"minecraft:deepslate_iron_ore":18,"minecraft:gravel":16,"minecraft:dirt":4,"minecraft:stone":74,"minecraft:oak_leaves":2,"minecraft:deepslate":269},"minecraft:picked_up":{"minecraft:birch_log":6,"minecraft:feather":7,"minecraft:cooked_beef":11,"minecraft:wheat":6,"minecraft:crafting_table":1,"minecraft:splash_potion":1,"minecraft:ladder":2,"minecraft:andesite":4,"minecraft:leather":12,"minecraft:lead":1,"minecraft:smoker":1,"minecraft:potato":2,"minecraft:flint":1,"minecraft:tuff":24,"minecraft:oak_log":6,"minecraft:gunpowder":1,"minecraft:lapis_lazuli":28,"minecraft:string":4,"minecraft:dirt":4,"minecraft:white_carpet":7,"minecraft:bone":1,"minecraft:oak_sign":1,"minecraft:apple":3,"minecraft:wheat_seeds":3,"minecraft:cobbled_deepslate":269,"minecraft:beef":3,"minecraft:stone_pickaxe":1,"minecraft:cooked_chicken":5,"minecraft:oak_boat":1,"minecraft:redstone_torch":1,"minecraft:poppy":1,"minecraft:flowering_azalea":1,"minecraft:raw_iron":25,"minecraft:cooked_porkchop":28,"minecraft:dandelion":1,"minecraft:torch":2,"minecraft:gravel":15,"minecraft:spider_eye":1,"minecraft:rotten_flesh":8,"minecraft:diamond":84,"minecraft:stone_axe":1,"minecraft:hay_block":24,"minecraft:granite":5,"minecraft:golden_apple":1,"minecraft:light_gray_carpet":3,"minecraft:coal":3,"minecraft:cobblestone":80},"minecraft:dropped":{"minecraft:gravel":2,"minecraft:stone_axe":2,"minecraft:granite":5,"minecraft:dirt":4,"minecraft:potato":2,"minecraft:gunpowder":12,"minecraft:iron_chestplate":1,"minecraft:beef":3,"minecraft:stone_pickaxe":2},"minecraft:killed":{"minecraft:pig":12,"minecraft:spider":4,"minecraft:iron_golem":1,"minecraft:bat":1,"minecraft:wandering_trader":1,"minecraft:creeper":2,"minecraft:skeleton":1,"minecraft:trader_llama":2,"minecraft:zombie":8,"minecraft:chicken":5,"minecraft:axolotl":1,"minecraft:villager":1,"minecraft:cow":5},"minecraft:used":{"minecraft:water_bucket":4,"minecraft:flint_and_steel":43,"minecraft:stone_pickaxe":51,"minecraft:diamond_hoe":24,"minecraft:oak_planks":1,"minecraft:chest":2,"minecraft:wooden_pickaxe":16,"minecraft:stone":123,"minecraft:diamond_axe":1,"minecraft:crafting_table":9,"minecraft:painting":7,"minecraft:wooden_axe":7,"minecraft:diamond_pickaxe":395,"minecraft:grass_block":15,"minecraft:iron_axe":1,"minecraft:iron_pickaxe":46,"minecraft:gravel":13,"minecraft:stone_axe":5,"minecraft:diamond_chestplate":1,"minecraft:diamond_sword":170,"minecraft:cobblestone":34,"minecraft:furnace":3,"minecraft:cooked_porkchop":3,"minecraft:andesite":4,"minecraft:bucket":5,"minecraft:oak_boat":1,"minecraft:cooked_beef":3,"minecraft:cobbled_deepslate":110}},"DataVersion":3953}