{"stats":{"minecraft:used":{"minecraft:diamond_hoe":24,"minecraft:oak_sign":12,"minecraft:chest":19,"minecraft:shield":16,"minecraft:stone":158,"minecraft:zombie_spawn_egg":6,"minecraft:soul_sand":1,"minecraft:nether_bricks":2,"minecraft:carrot":1,"minecraft:axolotl_bucket":4,"minecraft:obsidian":38,"minecraft:glass":278,"minecraft:lava_bucket":58,"minecraft:villager_spawn_egg":6,"minecraft:grass_block":25,"minecraft:bow":3,"minecraft:furnace":13,"minecraft:egg":2,"minecraft:golden_boots":2,"minecraft:cow_spawn_egg":17,"minecraft:diamond_boots":1,"minecraft:warped_fungus_on_a_stick":465,"minecraft:stone_pickaxe":51,"minecraft:oak_planks":224,"minecraft:blackstone":20,"minecraft:wooden_pickaxe":16,"minecraft:diamond_axe":378,"minecraft:sugar_cane":40,"minecraft:oak_leaves":128,"minecraft:blast_furnace":1,"minecraft:shears":238,"minecraft:mace":2,"minecraft:bread":78,"minecraft:string":1,"minecraft:deepslate":223,"minecraft:gravel":13,"minecraft:diamond_sword":629,"minecraft:andesite":4,"minecraft:smooth_stone_slab":322,"minecraft:oak_boat":7,"minecraft:oak_trapdoor":4,"minecraft:oak_fence":30,"minecraft:flint_and_steel":92,"minecraft:redstone":7,"minecraft:tinted_glass":8,"minecraft:netherrack":960,"minecraft:torch":29,"minecraft:anvil":7,"minecraft:dirt":578,"minecraft:ancient_debris":1,"minecraft:white_carpet":3,"minecraft:hopper":9,"minecraft:cobblestone_wall":2,"minecraft:wooden_axe":7,"minecraft:iron_axe":1,"minecraft:oak_stairs":11,"minecraft:crimson_planks":74,"minecraft:diamond_chestplate":1,"minecraft:cooked_beef":9,"minecraft:cobbled_deepslate":323,"minecraft:observer":3,"minecraft:pointed_dripstone":33,"minecraft:crimson_stem":3,"minecraft:wheat_seeds":84,"minecraft:water_bucket":118,"minecraft:birch_planks":36,"minecraft:cauldron":16,"minecraft:crafting_table":22,"minecraft:white_bed":4,"minecraft:painting":7,"minecraft:smoker":1,"minecraft:wooden_hoe":17,"minecraft:diamond_pickaxe":2536,"minecraft:diamond_shovel":1025,"minecraft:iron_pickaxe":46,"minecraft:stone_axe":5,"minecraft:cobblestone":61,"minecraft:cooked_porkchop":3,"minecraft:bucket":92,"minecraft:yellow_bed":5,"minecraft:kelp":39,"minecraft:smooth_stone":433},"minecraft:picked_up":{"minecraft:wheat":38,"minecraft:lead":1,"minecraft:diamond_sword":1,"minecraft:enchanted_book":1,"minecraft:nether_brick":10,"minecraft:crimson_planks":8,"minecraft:golden_sword":1,"minecraft:string":20,"minecraft:smooth_stone_slab":18,"minecraft:iron_leggings":1,"minecraft:oak_sign":1,"minecraft:diamond_leggings":5,"minecraft:cobbled_deepslate":601,"minecraft:gold_nugget":73,"minecraft:smooth_stone":60,"minecraft:white_tulip":1,"minecraft:redstone_torch":1,"minecraft:netherite_upgrade_smithing_template":1,"minecraft:furnace":3,"minecraft:stick":3,"minecraft:polished_blackstone_brick_slab":2,"minecraft:composter":2,"minecraft:oak_fence":2,"minecraft:torch":8,"minecraft:porkchop":5,"minecraft:pointed_dripstone":6,"minecraft:rotten_flesh":54,"minecraft:blaze_rod":4,"minecraft:blaze_powder":11,"minecraft:cobblestone":213,"minecraft:birch_log":160,"minecraft:feather":7,"minecraft:cooked_beef":18,"minecraft:water_bucket":1,"minecraft:andesite":4,"minecraft:smoker":1,"minecraft:potato":18,"minecraft:flint":1,"minecraft:tuff":103,"minecraft:lapis_lazuli":28,"minecraft:dirt":643,"minecraft:bone":6,"minecraft:bow":2,"minecraft:wheat_seeds":149,"minecraft:grindstone":1,"minecraft:diamond_helmet":6,"minecraft:oak_planks":65,"minecraft:ghast_tear":1,"minecraft:cooked_porkchop":28,"minecraft:sand":351,"minecraft:grass_block":4,"minecraft:mossy_cobblestone":1,"minecraft:diamond":216,"minecraft:cracked_polished_blackstone_bricks":2,"minecraft:granite":17,"minecraft:golden_apple":1,"minecraft:bread":95,"minecraft:oak_sapling":6,"minecraft:light_gray_carpet":3,"minecraft:netherrack":991,"minecraft:oak_leaves":233,"minecraft:crimson_roots":7,"minecraft:diamond_pickaxe":3,"minecraft:crafting_table":2,"minecraft:splash_potion":1,"minecraft:nether_wart":15,"minecraft:ladder":2,"minecraft:gold_block":6,"minecraft:shield":2,"minecraft:oak_trapdoor":4,"minecraft:iron_axe":1,"minecraft:white_carpet":7,"minecraft:blackstone":53,"minecraft:beef":37,"minecraft:oak_boat":4,"minecraft:observer":2,"minecraft:iron_nugget":4,"minecraft:poppy":6,"minecraft:tinted_glass":4,"minecraft:sugar_cane":38,"minecraft:chest":3,"minecraft:birch_sapling":2,"minecraft:egg":4,"minecraft:raw_iron":25,"minecraft:stone":11,"minecraft:carrot":72,"minecraft:redstone":434,"minecraft:iron_horse_armor":1,"minecraft:weeping_vines":4,"minecraft:arrow":38,"minecraft:diamond_chestplate":4,"minecraft:nether_bricks":8,"minecraft:diamond_boots":2,"minecraft:hay_block":39,"minecraft:saddle":2,"minecraft:gold_ingot":7,"minecraft:oxeye_daisy":1,"minecraft:basalt":3,"minecraft:crimson_stem":32,"minecraft:salmon":2,"minecraft:leather":27,"minecraft:birch_planks":66,"minecraft:crimson_fungus":2,"minecraft:oak_log":53,"minecraft:nether_wart_block":2,"minecraft:yellow_bed":4,"minecraft:gunpowder":16,"minecraft:apple":7,"minecraft:kelp":26,"minecraft:iron_ingot":71,"minecraft:stone_pickaxe":1,"minecraft:cooked_chicken":5,"minecraft:soul_sand":5,"minecraft:flowering_azalea":1,"minecraft:warped_fungus":2,"minecraft:quartz":48,"minecraft:dandelion":7,"minecraft:lava_bucket":1,"minecraft:gravel":28,"minecraft:spider_eye":1,"minecraft:diamond_shovel":2,"minecraft:stone_axe":2,"minecraft:short_grass":1,"minecraft:diamond_axe":4,"minecraft:coal":82,"minecraft:ender_pearl":1},"minecraft:dropped":{"minecraft:crimson_stem":1,"minecraft:crimson_nylium":7,"minecraft:soul_sand":5,"minecraft:short_grass":1,"minecraft:birch_planks":646,"minecraft:diamond_axe":3,"minecraft:diamond":24,"minecraft:warped_fungus_on_a_stick":1,"minecraft:dirt":6,"minecraft:cracked_polished_blackstone_bricks":1,"minecraft:crimson_roots":3,"minecraft:gold_ingot":9,"minecraft:gravel":2,"minecraft:white_tulip":1,"minecraft:stone_axe":3,"minecraft:blackstone":23,"minecraft:sugar_cane":6,"minecraft:iron_nugget":4,"minecraft:rotten_flesh":4,"minecraft:diamond_shovel":1,"minecraft:blaze_powder":1,"minecraft:carrot":67,"minecraft:poppy":3,"minecraft:gunpowder":13,"minecraft:chest":1,"minecraft:arrow":2,"minecraft:beef":3,"minecraft:oak_leaves":105,"minecraft:netherrack":4,"minecraft:egg":1,"minecraft:crimson_planks":1,"minecraft:iron_ingot":4,"minecraft:wheat_seeds":5,"minecraft:diamond_leggings":3,"minecraft:oak_fence":2,"minecraft:cobblestone":1,"minecraft:observer":28,"minecraft:granite":5,"minecraft:grass_block":1,"minecraft:coal":15,"minecraft:stick":6,"minecraft:nether_wart_block":2,"minecraft:diamond_helmet":6,"minecraft:iron_leggings":1,"minecraft:oak_stairs":1,"minecraft:string":1,"minecraft:dandelion":1,"minecraft:redstone":304,"minecraft:nether_bricks":3,"minecraft:potato":17,"minecraft:shield":1,"minecraft:diamond_chestplate":3,"minecraft:iron_chestplate":1,"minecraft:diamond_pickaxe":2,"minecraft:oak_sapling":2,"minecraft:oak_boat":1,"minecraft:golden_sword":1,"minecraft:diamond_boots":3,"minecraft:stone_pickaxe":2},"minecraft:killed":{"minecraft:zombified_piglin":6,"minecraft:spider":4,"minecraft:skeleton":2,"minecraft:bee":2,"minecraft:chicken":6,"minecraft:axolotl":1,"minecraft:cat":1,"minecraft:wolf":1,"minecraft:piglin":4,"minecraft:pig":13,"minecraft:salmon":2,"minecraft:iron_golem":7,"minecraft:strider":2,"minecraft:creeper":2,"minecraft:sheep":1,"minecraft:trader_llama":2,"minecraft:zombie":54,"minecraft:ghast":2,"minecraft:cow":22,"minecraft:blaze":17,"minecraft:bat":1,"minecraft:wandering_trader":1,"minecraft:hoglin":1,"minecraft:villager":3,"minecraft:enderman":3},"minecraft:custom":{"minecraft:animals_bred":13,"minecraft:interact_with_crafting_table":74,"minecraft:leave_game":19,"minecraft:time_since_death":412242,"minecraft:sprint_one_cm":856764,"minecraft:damage_blocked_by_shield":1110,"minecraft:drop":127,"minecraft:talked_to_villager":6,"minecraft:play_time":593447,"minecraft:deaths":2,"minecraft:jump":10541,"minecraft:walk_on_water_one_cm":74759,"minecraft:interact_with_furnace":391,"minecraft:sleep_in_bed":8,"minecraft:damage_dealt":31691,"minecraft:player_kills":6,"minecraft:crouch_one_cm":135032,"minecraft:interact_with_smoker":11,"minecraft:mob_kills":166,"minecraft:interact_with_anvil":6,"minecraft:inspect_hopper":3,"minecraft:climb_one_cm":299,"minecraft:walk_one_cm":941560,"minecraft:strider_one_cm":450016,"minecraft:sneak_time":40584,"minecraft:walk_under_water_one_cm":75997,"minecraft:boat_one_cm":74804,"minecraft:interact_with_blast_furnace":15,"minecraft:total_world_time":593447,"minecraft:time_since_rest":36617,"minecraft:damage_taken":16340,"minecraft:swim_one_cm":44550,"minecraft:fly_one_cm":1755547,"minecraft:open_chest":275,"minecraft:fall_one_cm":283995},"minecraft:mined":{"minecraft:obsidian":2,"minecraft:granite":18,"minecraft:chiseled_polished_blackstone":1,"minecraft:grass_block":513,"minecraft:cracked_polished_blackstone_bricks":9,"minecraft:polished_blackstone_brick_slab":1,"minecraft:composter":2,"minecraft:crimson_fungus":1,"minecraft:nether_wart":10,"minecraft:gilded_blackstone":1,"minecraft:smooth_stone":60,"minecraft:polished_blackstone_bricks":5,"minecraft:weeping_vines_plant":2,"minecraft:iron_ore":8,"minecraft:cobbled_deepslate":26,"minecraft:fire":94,"minecraft:dirt_path":55,"minecraft:tripwire":1,"minecraft:deepslate_redstone_ore":41,"minecraft:blackstone":42,"minecraft:smoker":1,"minecraft:crimson_nylium":18,"minecraft:soul_fire":7,"minecraft:torch":1,"minecraft:poppy":2,"minecraft:chest":2,"minecraft:nether_quartz_ore":48,"minecraft:cobblestone":209,"minecraft:grindstone":1,"minecraft:sugar_cane":14,"minecraft:oak_planks":11,"minecraft:wall_torch":1,"minecraft:seagrass":2,"minecraft:nether_wart_block":2,"minecraft:tinted_glass":4,"minecraft:birch_log":153,"minecraft:wheat":45,"minecraft:warped_fungus":2,"minecraft:smooth_stone_slab":12,"minecraft:oak_log":53,"minecraft:sand":351,"minecraft:dirt":67,"minecraft:crimson_planks":7,"minecraft:netherrack":982,"minecraft:oak_leaves":248,"minecraft:deepslate":579,"minecraft:nether_gold_ore":17,"minecraft:diamond_ore":5,"minecraft:tuff":103,"minecraft:mossy_cobblestone":1,"minecraft:deepslate_diamond_ore":170,"minecraft:nether_bricks":7,"minecraft:crimson_roots":4,"minecraft:crimson_stem":31,"minecraft:hay_block":39,"minecraft:oak_trapdoor":2,"minecraft:furnace":3,"minecraft:carrots":20,"minecraft:andesite":4,"minecraft:gold_block":5,"minecraft:potatoes":4,"minecraft:deepslate_iron_ore":18,"minecraft:stone":126,"minecraft:white_tulip":1,"minecraft:basalt":3,"minecraft:observer":3,"minecraft:dandelion":4,"minecraft:oak_fence":1,"minecraft:crafting_table":2,"minecraft:short_grass":182,"minecraft:tall_grass":2,"minecraft:lapis_ore":5,"minecraft:birch_planks":2,"minecraft:birch_leaves":6,"minecraft:bee_nest":1,"minecraft:yellow_bed":5,"minecraft:coal_ore":77,"minecraft:gravel":16,"minecraft:fern":1},"minecraft:killed_by":{"minecraft:iron_golem":1},"minecraft:crafted":{"minecraft:smooth_stone":563,"minecraft:oak_planks":540,"minecraft:blaze_powder":8,"minecraft:stone":425,"minecraft:diamond_shovel":1,"minecraft:glass":351,"minecraft:diamond_helmet":2,"minecraft:diamond_leggings":2,"minecraft:chest":7,"minecraft:netherite_upgrade_smithing_template":16,"minecraft:golden_boots":2,"minecraft:cauldron":9,"minecraft:diamond_axe":1,"minecraft:crafting_table":20,"minecraft:wooden_pickaxe":1,"minecraft:birch_planks":640,"minecraft:wooden_hoe":1,"minecraft:iron_chestplate":1,"minecraft:diamond_pickaxe":2,"minecraft:shield":1,"minecraft:stick":84,"minecraft:iron_pickaxe":1,"minecraft:iron_ingot":28,"minecraft:gold_ingot":14,"minecraft:shears":1,"minecraft:fishing_rod":2,"minecraft:smooth_stone_slab":270,"minecraft:diamond_hoe":1,"minecraft:furnace":10,"minecraft:blast_furnace":1,"minecraft:oak_trapdoor":2,"minecraft:flint_and_steel":1,"minecraft:iron_axe":1,"minecraft:stone_pickaxe":1,"minecraft:diamond_boots":4,"minecraft:observer":37,"minecraft:wheat":351,"minecraft:cooked_beef":11,"minecraft:crimson_planks":112,"minecraft:diamond_sword":1,"minecraft:bucket":7,"minecraft:stone_axe":1,"minecraft:bread":117,"minecraft:air":0,"minecraft:oak_boat":8,"minecraft:warped_fungus_on_a_stick":2,"minecraft:wooden_axe":1,"minecraft:iron_leggings":1,"minecraft:diamond_chestplate":2},"minecraft:broken":{"minecraft:golden_boots":1,"minecraft:shears":1}},"DataVersion":3953}