{"stats":{"minecraft:custom":{"minecraft:mob_kills":71,"minecraft:interact_with_crafting_table":27,"minecraft:leave_game":7,"minecraft:time_since_death":126310,"minecraft:climb_one_cm":299,"minecraft:sprint_one_cm":286619,"minecraft:walk_one_cm":224031,"minecraft:damage_blocked_by_shield":1020,"minecraft:drop":44,"minecraft:talked_to_villager":4,"minecraft:play_time":130079,"minecraft:deaths":1,"minecraft:sneak_time":6795,"minecraft:walk_under_water_one_cm":5250,"minecraft:boat_one_cm":51879,"minecraft:jump":2709,"minecraft:walk_on_water_one_cm":10220,"minecraft:total_world_time":130079,"minecraft:interact_with_furnace":24,"minecraft:sleep_in_bed":3,"minecraft:time_since_rest":517,"minecraft:damage_taken":3313,"minecraft:damage_dealt":12521,"minecraft:swim_one_cm":17949,"minecraft:fly_one_cm":514429,"minecraft:open_chest":71,"minecraft:crouch_one_cm":22084,"minecraft:interact_with_smoker":1,"minecraft:fall_one_cm":87516},"minecraft:crafted":{"minecraft:oak_planks":208,"minecraft:diamond_hoe":1,"minecraft:furnace":3,"minecraft:flint_and_steel":1,"minecraft:diamond_helmet":1,"minecraft:diamond_leggings":1,"minecraft:iron_axe":1,"minecraft:stone_pickaxe":1,"minecraft:chest":3,"minecraft:diamond_boots":2,"minecraft:golden_boots":1,"minecraft:wheat":351,"minecraft:cooked_beef":11,"minecraft:diamond_sword":1,"minecraft:diamond_axe":1,"minecraft:crafting_table":10,"minecraft:wooden_pickaxe":1,"minecraft:bucket":1,"minecraft:birch_planks":24,"minecraft:stone_axe":1,"minecraft:bread":117,"minecraft:air":0,"minecraft:oak_boat":1,"minecraft:iron_chestplate":1,"minecraft:diamond_pickaxe":1,"minecraft:shield":1,"minecraft:stick":52,"minecraft:iron_ingot":28,"minecraft:iron_pickaxe":1,"minecraft:wooden_axe":1,"minecraft:iron_leggings":1,"minecraft:gold_ingot":4,"minecraft:shears":1,"minecraft:diamond_chestplate":1},"minecraft:picked_up":{"minecraft:crafting_table":1,"minecraft:wheat":6,"minecraft:splash_potion":1,"minecraft:ladder":2,"minecraft:lead":1,"minecraft:nether_brick":10,"minecraft:string":4,"minecraft:white_carpet":7,"minecraft:blackstone":23,"minecraft:oak_sign":1,"minecraft:gold_nugget":50,"minecraft:cobbled_deepslate":269,"minecraft:beef":14,"minecraft:white_tulip":1,"minecraft:oak_boat":1,"minecraft:redstone_torch":1,"minecraft:iron_nugget":4,"minecraft:poppy":2,"minecraft:stick":2,"minecraft:raw_iron":25,"minecraft:oak_fence":2,"minecraft:torch":3,"minecraft:porkchop":3,"minecraft:arrow":19,"minecraft:rotten_flesh":8,"minecraft:nether_bricks":8,"minecraft:hay_block":39,"minecraft:gold_ingot":1,"minecraft:cobblestone":81,"minecraft:birch_log":6,"minecraft:feather":7,"minecraft:cooked_beef":13,"minecraft:andesite":4,"minecraft:leather":19,"minecraft:smoker":1,"minecraft:potato":2,"minecraft:flint":1,"minecraft:tuff":24,"minecraft:oak_log":27,"minecraft:yellow_bed":2,"minecraft:gunpowder":3,"minecraft:lapis_lazuli":28,"minecraft:dirt":4,"minecraft:bone":1,"minecraft:apple":5,"minecraft:bow":1,"minecraft:wheat_seeds":7,"minecraft:iron_ingot":4,"minecraft:stone_pickaxe":1,"minecraft:cooked_chicken":5,"minecraft:soul_sand":5,"minecraft:flowering_azalea":1,"minecraft:ghast_tear":1,"minecraft:cooked_porkchop":28,"minecraft:dandelion":2,"minecraft:gravel":28,"minecraft:spider_eye":1,"minecraft:diamond":89,"minecraft:stone_axe":2,"minecraft:short_grass":1,"minecraft:cracked_polished_blackstone_bricks":2,"minecraft:granite":5,"minecraft:golden_apple":1,"minecraft:oak_sapling":3,"minecraft:oak_leaves":233,"minecraft:light_gray_carpet":3,"minecraft:netherrack":277,"minecraft:coal":15},"minecraft:mined":{"minecraft:nether_gold_ore":13,"minecraft:diamond_ore":1,"minecraft:tuff":24,"minecraft:deepslate_diamond_ore":83,"minecraft:nether_bricks":7,"minecraft:granite":5,"minecraft:cracked_polished_blackstone_bricks":3,"minecraft:hay_block":39,"minecraft:polished_blackstone_bricks":1,"minecraft:iron_ore":8,"minecraft:fire":59,"minecraft:andesite":4,"minecraft:deepslate_iron_ore":18,"minecraft:white_tulip":1,"minecraft:stone":75,"minecraft:blackstone":12,"minecraft:smoker":1,"minecraft:crimson_nylium":18,"minecraft:soul_fire":5,"minecraft:dandelion":1,"minecraft:oak_fence":1,"minecraft:crafting_table":1,"minecraft:short_grass":21,"minecraft:cobblestone":8,"minecraft:lapis_ore":5,"minecraft:wall_torch":1,"minecraft:birch_log":6,"minecraft:birch_leaves":1,"minecraft:bee_nest":1,"minecraft:yellow_bed":2,"minecraft:oak_log":27,"minecraft:coal_ore":13,"minecraft:gravel":16,"minecraft:dirt":4,"minecraft:netherrack":300,"minecraft:oak_leaves":240,"minecraft:deepslate":269},"minecraft:broken":{"minecraft:shears":1},"minecraft:dropped":{"minecraft:crimson_nylium":7,"minecraft:soul_sand":5,"minecraft:short_grass":1,"minecraft:wheat_seeds":3,"minecraft:oak_fence":2,"minecraft:granite":5,"minecraft:stick":2,"minecraft:cracked_polished_blackstone_bricks":1,"minecraft:dirt":4,"minecraft:dandelion":1,"minecraft:gold_ingot":9,"minecraft:gravel":2,"minecraft:white_tulip":1,"minecraft:stone_axe":3,"minecraft:blackstone":23,"minecraft:iron_nugget":4,"minecraft:nether_bricks":3,"minecraft:poppy":1,"minecraft:potato":2,"minecraft:gunpowder":13,"minecraft:iron_chestplate":1,"minecraft:oak_sapling":1,"minecraft:diamond_boots":1,"minecraft:beef":3,"minecraft:stone_pickaxe":2,"minecraft:oak_leaves":105},"minecraft:killed":{"minecraft:zombified_piglin":3,"minecraft:spider":4,"minecraft:skeleton":2,"minecraft:bee":2,"minecraft:chicken":5,"minecraft:axolotl":1,"minecraft:piglin":2,"minecraft:pig":12,"minecraft:iron_golem":3,"minecraft:bat":1,"minecraft:wandering_trader":1,"minecraft:hoglin":1,"minecraft:creeper":2,"minecraft:trader_llama":2,"minecraft:zombie":8,"minecraft:ghast":1,"minecraft:villager":3,"minecraft:cow":13},"minecraft:used":{"minecraft:flint_and_steel":54,"minecraft:diamond_hoe":24,"minecraft:chest":3,"minecraft:shield":15,"minecraft:stone":123,"minecraft:netherrack":277,"minecraft:torch":1,"minecraft:nether_bricks":2,"minecraft:obsidian":10,"minecraft:wooden_axe":7,"minecraft:iron_axe":1,"minecraft:grass_block":15,"minecraft:diamond_chestplate":1,"minecraft:furnace":3,"minecraft:cooked_beef":3,"minecraft:cobbled_deepslate":261,"minecraft:golden_boots":1,"minecraft:water_bucket":6,"minecraft:diamond_boots":1,"minecraft:stone_pickaxe":51,"minecraft:oak_planks":12,"minecraft:wooden_pickaxe":16,"minecraft:diamond_axe":41,"minecraft:crafting_table":11,"minecraft:painting":7,"minecraft:shears":238,"minecraft:diamond_pickaxe":767,"minecraft:bread":25,"minecraft:iron_pickaxe":46,"minecraft:gravel":13,"minecraft:stone_axe":5,"minecraft:diamond_sword":242,"minecraft:cobblestone":34,"minecraft:cooked_porkchop":3,"minecraft:andesite":4,"minecraft:bucket":7,"minecraft:yellow_bed":1,"minecraft:oak_boat":1}},"DataVersion":3953}