{"stats":{"minecraft:killed_by":{"minecraft:iron_golem":1},"minecraft:dropped":{"minecraft:crimson_nylium":7,"minecraft:soul_sand":5,"minecraft:short_grass":1,"minecraft:wheat_seeds":3,"minecraft:diamond_leggings":1,"minecraft:oak_fence":2,"minecraft:granite":5,"minecraft:stick":2,"minecraft:cracked_polished_blackstone_bricks":1,"minecraft:dirt":4,"minecraft:diamond_helmet":3,"minecraft:iron_leggings":1,"minecraft:string":1,"minecraft:dandelion":1,"minecraft:gold_ingot":9,"minecraft:gravel":2,"minecraft:white_tulip":1,"minecraft:stone_axe":3,"minecraft:blackstone":23,"minecraft:iron_nugget":4,"minecraft:nether_bricks":3,"minecraft:poppy":1,"minecraft:potato":2,"minecraft:gunpowder":13,"minecraft:diamond_chestplate":2,"minecraft:iron_chestplate":1,"minecraft:oak_sapling":1,"minecraft:oak_boat":1,"minecraft:diamond_boots":3,"minecraft:beef":3,"minecraft:stone_pickaxe":2,"minecraft:oak_leaves":105,"minecraft:egg":1},"minecraft:used":{"minecraft:flint_and_steel":55,"minecraft:diamond_hoe":24,"minecraft:oak_sign":9,"minecraft:chest":16,"minecraft:shield":16,"minecraft:stone":158,"minecraft:zombie_spawn_egg":4,"minecraft:netherrack":655,"minecraft:torch":19,"minecraft:dirt":515,"minecraft:anvil":5,"minecraft:ancient_debris":1,"minecraft:hopper":9,"minecraft:nether_bricks":2,"minecraft:glass":220,"minecraft:obsidian":28,"minecraft:wooden_axe":7,"minecraft:lava_bucket":21,"minecraft:villager_spawn_egg":6,"minecraft:iron_axe":1,"minecraft:grass_block":19,"minecraft:diamond_chestplate":1,"minecraft:bow":3,"minecraft:furnace":13,"minecraft:cooked_beef":9,"minecraft:cobbled_deepslate":261,"minecraft:golden_boots":2,"minecraft:water_bucket":109,"minecraft:diamond_boots":1,"minecraft:stone_pickaxe":51,"minecraft:oak_planks":30,"minecraft:wooden_pickaxe":16,"minecraft:diamond_axe":94,"minecraft:oak_leaves":128,"minecraft:crafting_table":15,"minecraft:blast_furnace":1,"minecraft:white_bed":4,"minecraft:painting":7,"minecraft:smoker":1,"minecraft:shears":238,"minecraft:diamond_pickaxe":1388,"minecraft:diamond_shovel":661,"minecraft:mace":2,"minecraft:bread":39,"minecraft:iron_pickaxe":46,"minecraft:gravel":13,"minecraft:stone_axe":5,"minecraft:diamond_sword":362,"minecraft:cobblestone":43,"minecraft:cooked_porkchop":3,"minecraft:andesite":4,"minecraft:bucket":73,"minecraft:smooth_stone_slab":322,"minecraft:oak_boat":3,"minecraft:yellow_bed":5,"minecraft:smooth_stone":325},"minecraft:crafted":{"minecraft:smooth_stone":514,"minecraft:oak_planks":220,"minecraft:smooth_stone_slab":270,"minecraft:diamond_hoe":1,"minecraft:furnace":10,"minecraft:blast_furnace":1,"minecraft:stone":425,"minecraft:diamond_shovel":1,"minecraft:flint_and_steel":1,"minecraft:oak_trapdoor":2,"minecraft:diamond_helmet":1,"minecraft:diamond_leggings":1,"minecraft:iron_axe":1,"minecraft:stone_pickaxe":1,"minecraft:chest":4,"minecraft:diamond_boots":3,"minecraft:golden_boots":2,"minecraft:wheat":351,"minecraft:cooked_beef":11,"minecraft:diamond_sword":1,"minecraft:diamond_axe":1,"minecraft:crafting_table":13,"minecraft:wooden_pickaxe":1,"minecraft:bucket":7,"minecraft:birch_planks":24,"minecraft:stone_axe":1,"minecraft:air":0,"minecraft:bread":117,"minecraft:oak_boat":4,"minecraft:iron_chestplate":1,"minecraft:diamond_pickaxe":2,"minecraft:shield":1,"minecraft:stick":56,"minecraft:iron_ingot":28,"minecraft:iron_pickaxe":1,"minecraft:wooden_axe":1,"minecraft:iron_leggings":1,"minecraft:gold_ingot":14,"minecraft:shears":1,"minecraft:diamond_chestplate":1},"minecraft:custom":{"minecraft:interact_with_anvil":3,"minecraft:mob_kills":84,"minecraft:inspect_hopper":2,"minecraft:interact_with_crafting_table":47,"minecraft:leave_game":16,"minecraft:time_since_death":123413,"minecraft:climb_one_cm":299,"minecraft:sprint_one_cm":543453,"minecraft:walk_one_cm":536291,"minecraft:damage_blocked_by_shield":1110,"minecraft:drop":56,"minecraft:talked_to_villager":4,"minecraft:play_time":304618,"minecraft:sneak_time":23177,"minecraft:deaths":2,"minecraft:walk_under_water_one_cm":10357,"minecraft:boat_one_cm":57893,"minecraft:jump":5049,"minecraft:interact_with_blast_furnace":15,"minecraft:walk_on_water_one_cm":48376,"minecraft:total_world_time":304618,"minecraft:interact_with_furnace":304,"minecraft:sleep_in_bed":6,"minecraft:time_since_rest":1922,"minecraft:damage_taken":7055,"minecraft:damage_dealt":18546,"minecraft:player_kills":4,"minecraft:swim_one_cm":21643,"minecraft:fly_one_cm":1034333,"minecraft:open_chest":146,"minecraft:crouch_one_cm":78092,"minecraft:fall_one_cm":170405,"minecraft:interact_with_smoker":11},"minecraft:picked_up":{"minecraft:crafting_table":2,"minecraft:wheat":6,"minecraft:splash_potion":1,"minecraft:ladder":2,"minecraft:lead":1,"minecraft:diamond_sword":1,"minecraft:gold_block":1,"minecraft:nether_brick":10,"minecraft:shield":1,"minecraft:string":5,"minecraft:oak_trapdoor":2,"minecraft:iron_axe":1,"minecraft:smooth_stone_slab":18,"minecraft:iron_leggings":1,"minecraft:white_carpet":7,"minecraft:blackstone":23,"minecraft:oak_sign":1,"minecraft:diamond_leggings":2,"minecraft:smooth_stone":32,"minecraft:gold_nugget":55,"minecraft:cobbled_deepslate":284,"minecraft:beef":20,"minecraft:white_tulip":1,"minecraft:oak_boat":3,"minecraft:redstone_torch":1,"minecraft:iron_nugget":4,"minecraft:poppy":4,"minecraft:furnace":3,"minecraft:egg":1,"minecraft:polished_blackstone_brick_slab":2,"minecraft:stick":3,"minecraft:raw_iron":25,"minecraft:stone":11,"minecraft:oak_fence":2,"minecraft:torch":8,"minecraft:porkchop":5,"minecraft:arrow":36,"minecraft:weeping_vines":4,"minecraft:rotten_flesh":11,"minecraft:diamond_chestplate":3,"minecraft:nether_bricks":8,"minecraft:diamond_boots":1,"minecraft:hay_block":39,"minecraft:gold_ingot":7,"minecraft:cobblestone":168,"minecraft:oxeye_daisy":1,"minecraft:birch_log":6,"minecraft:feather":7,"minecraft:cooked_beef":18,"minecraft:salmon":2,"minecraft:water_bucket":1,"minecraft:andesite":4,"minecraft:leather":21,"minecraft:smoker":1,"minecraft:potato":2,"minecraft:flint":1,"minecraft:tuff":24,"minecraft:oak_log":37,"minecraft:yellow_bed":4,"minecraft:gunpowder":3,"minecraft:lapis_lazuli":28,"minecraft:dirt":614,"minecraft:bone":1,"minecraft:apple":7,"minecraft:bow":2,"minecraft:wheat_seeds":42,"minecraft:iron_ingot":64,"minecraft:grindstone":1,"minecraft:stone_pickaxe":1,"minecraft:cooked_chicken":5,"minecraft:diamond_helmet":4,"minecraft:oak_planks":61,"minecraft:flowering_azalea":1,"minecraft:soul_sand":5,"minecraft:ghast_tear":1,"minecraft:cooked_porkchop":28,"minecraft:dandelion":7,"minecraft:gravel":28,"minecraft:grass_block":2,"minecraft:spider_eye":1,"minecraft:diamond":101,"minecraft:stone_axe":2,"minecraft:short_grass":1,"minecraft:cracked_polished_blackstone_bricks":2,"minecraft:granite":5,"minecraft:diamond_axe":1,"minecraft:golden_apple":1,"minecraft:bread":95,"minecraft:oak_sapling":5,"minecraft:light_gray_carpet":3,"minecraft:netherrack":721,"minecraft:coal":82,"minecraft:oak_leaves":233,"minecraft:diamond_pickaxe":1},"minecraft:broken":{"minecraft:golden_boots":1,"minecraft:shears":1},"minecraft:killed":{"minecraft:zombified_piglin":3,"minecraft:spider":4,"minecraft:skeleton":2,"minecraft:bee":2,"minecraft:chicken":5,"minecraft:axolotl":1,"minecraft:cat":1,"minecraft:wolf":1,"minecraft:piglin":2,"minecraft:pig":13,"minecraft:salmon":2,"minecraft:iron_golem":5,"minecraft:bat":1,"minecraft:wandering_trader":1,"minecraft:hoglin":1,"minecraft:creeper":2,"minecraft:trader_llama":2,"minecraft:zombie":10,"minecraft:ghast":2,"minecraft:villager":3,"minecraft:enderman":1,"minecraft:cow":15},"minecraft:mined":{"minecraft:nether_gold_ore":13,"minecraft:diamond_ore":1,"minecraft:tuff":24,"minecraft:deepslate_diamond_ore":83,"minecraft:nether_bricks":7,"minecraft:granite":5,"minecraft:grass_block":507,"minecraft:cracked_polished_blackstone_bricks":3,"minecraft:polished_blackstone_brick_slab":1,"minecraft:hay_block":39,"minecraft:polished_blackstone_bricks":1,"minecraft:smooth_stone":32,"minecraft:weeping_vines_plant":2,"minecraft:furnace":3,"minecraft:iron_ore":8,"minecraft:fire":68,"minecraft:cobbled_deepslate":16,"minecraft:andesite":4,"minecraft:gold_block":1,"minecraft:dirt_path":55,"minecraft:deepslate_iron_ore":18,"minecraft:white_tulip":1,"minecraft:stone":95,"minecraft:blackstone":12,"minecraft:crimson_nylium":18,"minecraft:smoker":1,"minecraft:soul_fire":7,"minecraft:dandelion":4,"minecraft:oak_fence":1,"minecraft:crafting_table":2,"minecraft:torch":1,"minecraft:short_grass":177,"minecraft:poppy":2,"minecraft:cobblestone":22,"minecraft:lapis_ore":5,"minecraft:grindstone":1,"minecraft:oak_planks":6,"minecraft:wall_torch":1,"minecraft:birch_log":6,"minecraft:birch_leaves":1,"minecraft:bee_nest":1,"minecraft:yellow_bed":5,"minecraft:smooth_stone_slab":12,"minecraft:coal_ore":77,"minecraft:oak_log":37,"minecraft:gravel":16,"minecraft:dirt":58,"minecraft:netherrack":748,"minecraft:deepslate":269,"minecraft:oak_leaves":246}},"DataVersion":3953}