{"stats":{"minecraft:crafted":{"minecraft:oak_planks":24,"minecraft:crafting_table":2,"minecraft:stick":20,"minecraft:wooden_pickaxe":1,"minecraft:stone_pickaxe":1,"minecraft:wooden_axe":1,"minecraft:birch_planks":24,"minecraft:stone_axe":1},"minecraft:custom":{"minecraft:time_since_rest":17629,"minecraft:sprint_one_cm":25005,"minecraft:damage_taken":90,"minecraft:walk_one_cm":21054,"minecraft:mob_kills":1,"minecraft:damage_dealt":200,"minecraft:interact_with_crafting_table":2,"minecraft:fly_one_cm":35801,"minecraft:crouch_one_cm":1328,"minecraft:play_time":21016,"minecraft:deaths":1,"minecraft:sneak_time":981,"minecraft:jump":131,"minecraft:leave_game":1,"minecraft:walk_on_water_one_cm":1103,"minecraft:time_since_death":17247,"minecraft:climb_one_cm":96,"minecraft:total_world_time":21016,"minecraft:fall_one_cm":5222},"minecraft:mined":{"minecraft:birch_log":6,"minecraft:iron_ore":3,"minecraft:birch_leaves":1,"minecraft:crafting_table":1,"minecraft:short_grass":1,"minecraft:oak_log":6,"minecraft:deepslate_iron_ore":5,"minecraft:stone":16,"minecraft:deepslate":5},"minecraft:used":{"minecraft:wooden_axe":7,"minecraft:grass_block":15,"minecraft:stone_pickaxe":13,"minecraft:wooden_pickaxe":16,"minecraft:stone":123,"minecraft:stone_axe":3,"minecraft:crafting_table":2,"minecraft:painting":7,"minecraft:cobbled_deepslate":1},"minecraft:picked_up":{"minecraft:birch_log":6,"minecraft:raw_iron":7,"minecraft:crafting_table":1,"minecraft:wheat":6,"minecraft:splash_potion":1,"minecraft:ladder":2,"minecraft:torch":2,"minecraft:oak_log":6,"minecraft:white_carpet":7,"minecraft:rotten_flesh":1,"minecraft:oak_sign":1,"minecraft:apple":3,"minecraft:cobbled_deepslate":5,"minecraft:redstone_torch":1,"minecraft:golden_apple":1,"minecraft:light_gray_carpet":3,"minecraft:coal":3,"minecraft:cobblestone":16},"minecraft:killed":{"minecraft:villager":1}},"DataVersion":3953}