{"stats":{"minecraft:dropped":{"minecraft:crimson_stem":1,"minecraft:crimson_nylium":7,"minecraft:iron_sword":4,"minecraft:soul_sand":5,"minecraft:short_grass":1,"minecraft:birch_planks":646,"minecraft:lapis_lazuli":297,"minecraft:diamond_axe":8,"minecraft:cooked_beef":22,"minecraft:oak_log":96,"minecraft:baked_potato":2,"minecraft:ender_pearl":3,"minecraft:diamond":280,"minecraft:crafting_table":1,"minecraft:crossbow":1,"minecraft:warped_fungus_on_a_stick":1,"minecraft:leather":136,"minecraft:cracked_stone_bricks":1,"minecraft:saddle":1,"minecraft:silence_armor_trim_smithing_template":4,"minecraft:heavy_core":1,"minecraft:flint":1,"minecraft:emerald":49,"minecraft:cracked_polished_blackstone_bricks":1,"minecraft:dirt":18,"minecraft:mace":3,"minecraft:netherite_scrap":4,"minecraft:crimson_roots":3,"minecraft:amethyst_shard":60,"minecraft:axolotl_bucket":1,"minecraft:gold_ingot":9,"minecraft:bone":51,"minecraft:gravel":6,"minecraft:white_tulip":1,"minecraft:stone_axe":3,"minecraft:blackstone":23,"minecraft:sugar_cane":146,"minecraft:cobbled_deepslate":30,"minecraft:cooked_chicken":8,"minecraft:iron_nugget":4,"minecraft:golden_chestplate":1,"minecraft:chiseled_tuff_bricks":3,"minecraft:wheat":37,"minecraft:rotten_flesh":87,"minecraft:oak_planks":307,"minecraft:diamond_shovel":9,"minecraft:end_stone":4,"minecraft:blaze_powder":1,"minecraft:carrot":238,"minecraft:music_disc_creator":1,"minecraft:poppy":3,"minecraft:tipped_arrow":176,"minecraft:gunpowder":13,"minecraft:red_candle":21,"minecraft:trident":4,"minecraft:chest":20,"minecraft:ladder":4,"minecraft:breeze_rod":32,"minecraft:arrow":312,"minecraft:chiseled_tuff":1,"minecraft:beef":3,"minecraft:water_bucket":2,"minecraft:stone_brick_stairs":1,"minecraft:oak_leaves":105,"minecraft:netherrack":283,"minecraft:egg":1,"minecraft:crimson_planks":1,"minecraft:enchanted_book":2,"minecraft:iron_ingot":9,"minecraft:wheat_seeds":8,"minecraft:diamond_leggings":14,"minecraft:oak_fence":2,"minecraft:cobblestone":148,"minecraft:waxed_copper_grate":4,"minecraft:observer":28,"minecraft:granite":14,"minecraft:ominous_trial_key":4,"minecraft:flow_armor_trim_smithing_template":2,"minecraft:grass_block":1,"minecraft:coal":15,"minecraft:golden_apple":5,"minecraft:stick":44,"minecraft:diamond_horse_armor":1,"minecraft:diorite":16,"minecraft:golden_carrot":49,"minecraft:nether_wart_block":2,"minecraft:iron_door":1,"minecraft:map":20,"minecraft:diamond_helmet":24,"minecraft:potion":1,"minecraft:iron_leggings":1,"minecraft:oak_stairs":1,"minecraft:iron_axe":1,"minecraft:paper":6,"minecraft:string":18,"minecraft:bucket":8,"minecraft:dandelion":2,"minecraft:redstone":304,"minecraft:tuff_bricks":35,"minecraft:oak_trapdoor":1,"minecraft:raw_copper":28,"minecraft:tuff":14,"minecraft:diamond_hoe":3,"minecraft:name_tag":2,"minecraft:nether_bricks":3,"minecraft:glass_pane":6,"minecraft:filled_map":1,"minecraft:diamond_sword":21,"minecraft:potato":17,"minecraft:stone":1,"minecraft:shield":3,"minecraft:trial_key":1,"minecraft:diamond_chestplate":10,"minecraft:iron_chestplate":1,"minecraft:diamond_pickaxe":10,"minecraft:andesite":18,"minecraft:mossy_stone_bricks":5,"minecraft:oak_boat":1,"minecraft:oak_sapling":5,"minecraft:golden_sword":2,"minecraft:stone_bricks":4,"minecraft:diamond_boots":12,"minecraft:waxed_chiseled_copper":2,"minecraft:bow":6,"minecraft:stone_pickaxe":2},"minecraft:custom":{"minecraft:animals_bred":27,"minecraft:interact_with_crafting_table":128,"minecraft:leave_game":22,"minecraft:time_since_death":155414,"minecraft:sprint_one_cm":1429256,"minecraft:damage_blocked_by_shield":1110,"minecraft:drop":438,"minecraft:talked_to_villager":180,"minecraft:play_time":937826,"minecraft:deaths":15,"minecraft:jump":16569,"minecraft:walk_on_water_one_cm":173422,"minecraft:enchant_item":41,"minecraft:interact_with_furnace":413,"minecraft:traded_with_villager":5,"minecraft:sleep_in_bed":21,"minecraft:damage_dealt":64115,"minecraft:player_kills":22,"minecraft:crouch_one_cm":192689,"minecraft:inspect_dispenser":5,"minecraft:horse_one_cm":6678,"minecraft:interact_with_smoker":11,"minecraft:use_cauldron":42,"minecraft:interact_with_smithing_table":7,"minecraft:interact_with_anvil":40,"minecraft:mob_kills":350,"minecraft:inspect_hopper":3,"minecraft:fill_cauldron":11,"minecraft:climb_one_cm":7409,"minecraft:walk_one_cm":1663110,"minecraft:strider_one_cm":450016,"minecraft:sneak_time":61947,"minecraft:walk_under_water_one_cm":213475,"minecraft:boat_one_cm":76163,"minecraft:interact_with_blast_furnace":15,"minecraft:total_world_time":937826,"minecraft:time_since_rest":153459,"minecraft:damage_taken":28257,"minecraft:swim_one_cm":92508,"minecraft:fly_one_cm":3434445,"minecraft:open_chest":524,"minecraft:fall_one_cm":549074},"minecraft:crafted":{"minecraft:smooth_stone":563,"minecraft:oak_planks":696,"minecraft:oak_sign":3,"minecraft:blaze_powder":8,"minecraft:stone":425,"minecraft:diamond_shovel":7,"minecraft:mace":1,"minecraft:glass":351,"minecraft:diamond_helmet":6,"minecraft:diamond_leggings":4,"minecraft:chest":9,"minecraft:netherite_upgrade_smithing_template":16,"minecraft:rail":336,"minecraft:golden_boots":2,"minecraft:furnace_minecart":2,"minecraft:oak_slab":36,"minecraft:emerald":4,"minecraft:cauldron":9,"minecraft:diamond_axe":3,"minecraft:crafting_table":24,"minecraft:wooden_pickaxe":1,"minecraft:birch_planks":640,"minecraft:lectern":3,"minecraft:iron_chestplate":1,"minecraft:book":5,"minecraft:wooden_hoe":1,"minecraft:paper":30,"minecraft:diamond_pickaxe":3,"minecraft:shield":1,"minecraft:stick":188,"minecraft:iron_ingot":28,"minecraft:iron_pickaxe":1,"minecraft:gold_ingot":14,"minecraft:shears":1,"minecraft:cobbled_deepslate_slab":126,"minecraft:fishing_rod":2,"minecraft:smooth_stone_slab":270,"minecraft:diamond_hoe":2,"minecraft:furnace":18,"minecraft:blast_furnace":1,"minecraft:oak_trapdoor":2,"minecraft:flint_and_steel":1,"minecraft:iron_axe":1,"minecraft:stone_pickaxe":1,"minecraft:diamond_boots":5,"minecraft:filled_map":1,"minecraft:minecart":3,"minecraft:observer":37,"minecraft:wheat":351,"minecraft:cooked_beef":52,"minecraft:crimson_planks":112,"minecraft:diamond_sword":17,"minecraft:enchanting_table":1,"minecraft:bucket":37,"minecraft:stone_axe":1,"minecraft:air":0,"minecraft:bread":117,"minecraft:oak_boat":10,"minecraft:warped_fungus_on_a_stick":2,"minecraft:wooden_axe":1,"minecraft:iron_leggings":1,"minecraft:diamond_chestplate":4},"minecraft:used":{"minecraft:diamond_hoe":24,"minecraft:oak_sign":20,"minecraft:chest":23,"minecraft:shield":16,"minecraft:stone":207,"minecraft:zombie_spawn_egg":6,"minecraft:soul_sand":2,"minecraft:nether_bricks":2,"minecraft:carrot":1,"minecraft:furnace_minecart":3,"minecraft:axolotl_bucket":9,"minecraft:obsidian":48,"minecraft:glass":278,"minecraft:lava_bucket":95,"minecraft:villager_spawn_egg":8,"minecraft:grass_block":25,"minecraft:warped_nylium":1,"minecraft:bow":101,"minecraft:furnace":14,"minecraft:egg":3,"minecraft:golden_boots":2,"minecraft:diamond_boots":5,"minecraft:cow_spawn_egg":17,"minecraft:warped_fungus_on_a_stick":465,"minecraft:stone_pickaxe":51,"minecraft:oak_planks":240,"minecraft:blackstone":20,"minecraft:ender_pearl":28,"minecraft:wooden_pickaxe":16,"minecraft:diamond_axe":590,"minecraft:sugar_cane":40,"minecraft:oak_leaves":128,"minecraft:blast_furnace":1,"minecraft:crossbow":15,"minecraft:shears":238,"minecraft:string":1,"minecraft:mace":25,"minecraft:bread":107,"minecraft:lectern":112,"minecraft:deepslate":224,"minecraft:gravel":13,"minecraft:diamond_sword":1148,"minecraft:smithing_table":1,"minecraft:andesite":4,"minecraft:oak_fence":30,"minecraft:smooth_stone_slab":322,"minecraft:oak_boat":12,"minecraft:oak_trapdoor":6,"minecraft:trident":169,"minecraft:enchanting_table":2,"minecraft:flint_and_steel":92,"minecraft:redstone":7,"minecraft:tinted_glass":56,"minecraft:trial_key":2,"minecraft:netherrack":2198,"minecraft:torch":42,"minecraft:anvil":10,"minecraft:dirt":1104,"minecraft:ancient_debris":1,"minecraft:white_carpet":3,"minecraft:hopper":9,"minecraft:cobblestone_wall":2,"minecraft:diamond_helmet":3,"minecraft:wooden_axe":7,"minecraft:bookshelf":12,"minecraft:iron_axe":3,"minecraft:oak_stairs":11,"minecraft:crimson_planks":74,"minecraft:diamond_chestplate":3,"minecraft:golden_carrot":55,"minecraft:minecart":8,"minecraft:cooked_beef":39,"minecraft:cobbled_deepslate":371,"minecraft:observer":3,"minecraft:pointed_dripstone":33,"minecraft:crimson_stem":3,"minecraft:wheat_seeds":84,"minecraft:water_bucket":162,"minecraft:birch_planks":36,"minecraft:cauldron":16,"minecraft:cracked_stone_bricks":2,"minecraft:rail":352,"minecraft:crafting_table":26,"minecraft:oak_slab":1,"minecraft:white_bed":5,"minecraft:painting":7,"minecraft:smoker":1,"minecraft:oak_log":2,"minecraft:wooden_hoe":17,"minecraft:ender_eye":24,"minecraft:diamond_pickaxe":5788,"minecraft:ominous_trial_key":2,"minecraft:diamond_shovel":1056,"minecraft:wind_charge":3,"minecraft:iron_pickaxe":46,"minecraft:stone_axe":5,"minecraft:cobblestone":62,"minecraft:cobbled_deepslate_slab":24,"minecraft:cooked_porkchop":3,"minecraft:bucket":190,"minecraft:yellow_bed":7,"minecraft:kelp":106,"minecraft:diamond_leggings":2,"minecraft:smooth_stone":433},"minecraft:broken":{"minecraft:golden_boots":1,"minecraft:shears":1,"minecraft:diamond_pickaxe":1},"minecraft:killed":{"minecraft:zombified_piglin":6,"minecraft:spider":11,"minecraft:shulker":9,"minecraft:skeleton":15,"minecraft:bee":2,"minecraft:chicken":6,"minecraft:axolotl":6,"minecraft:cat":1,"minecraft:wolf":2,"minecraft:piglin":4,"minecraft:pig":13,"minecraft:salmon":2,"minecraft:iron_golem":7,"minecraft:strider":2,"minecraft:creeper":4,"minecraft:sheep":1,"minecraft:trader_llama":2,"minecraft:zombie":129,"minecraft:ghast":2,"minecraft:stray":15,"minecraft:blaze":17,"minecraft:cow":34,"minecraft:horse":8,"minecraft:bat":1,"minecraft:wandering_trader":1,"minecraft:hoglin":1,"minecraft:breeze":4,"minecraft:villager":5,"minecraft:enderman":20},"minecraft:picked_up":{"minecraft:shulker_shell":4,"minecraft:wheat":38,"minecraft:lead":1,"minecraft:diamond_sword":14,"minecraft:oak_stairs":1,"minecraft:potion":1,"minecraft:enchanted_book":2,"minecraft:nether_brick":10,"minecraft:stone_brick_stairs":1,"minecraft:crimson_planks":8,"minecraft:golden_sword":2,"minecraft:string":34,"minecraft:raw_copper":28,"minecraft:smooth_stone_slab":18,"minecraft:iron_leggings":1,"minecraft:red_candle":21,"minecraft:oak_sign":2,"minecraft:diamond_leggings":20,"minecraft:smooth_stone":61,"minecraft:gold_nugget":94,"minecraft:cobbled_deepslate":1383,"minecraft:bucket":2,"minecraft:white_tulip":1,"minecraft:trial_key":4,"minecraft:redstone_torch":1,"minecraft:ender_eye":2,"minecraft:netherite_upgrade_smithing_template":1,"minecraft:iron_pickaxe":1,"minecraft:furnace":4,"minecraft:tipped_arrow":48,"minecraft:polished_blackstone_brick_slab":2,"minecraft:stick":23,"minecraft:composter":2,"minecraft:oak_fence":3,"minecraft:torch":14,"minecraft:porkchop":5,"minecraft:waxed_copper_grate":4,"minecraft:pointed_dripstone":6,"minecraft:diorite":16,"minecraft:golden_chestplate":1,"minecraft:rotten_flesh":315,"minecraft:end_rod":1,"minecraft:blaze_rod":4,"minecraft:blaze_powder":11,"minecraft:cobblestone":655,"minecraft:enchanting_table":1,"minecraft:birch_log":160,"minecraft:furnace_minecart":3,"minecraft:feather":7,"minecraft:cooked_beef":100,"minecraft:iron_door":1,"minecraft:water_bucket":4,"minecraft:andesite":26,"minecraft:smoker":1,"minecraft:potato":22,"minecraft:flint":3,"minecraft:tuff":144,"minecraft:map":20,"minecraft:lapis_lazuli":119,"minecraft:dirt":725,"minecraft:name_tag":2,"minecraft:bone":67,"minecraft:bow":4,"minecraft:wheat_seeds":155,"minecraft:cobbled_deepslate_slab":42,"minecraft:grindstone":1,"minecraft:mossy_stone_bricks":5,"minecraft:diamond_helmet":24,"minecraft:oak_planks":309,"minecraft:ghast_tear":1,"minecraft:cooked_porkchop":28,"minecraft:axolotl_bucket":8,"minecraft:waxed_chiseled_copper":2,"minecraft:sand":351,"minecraft:grass_block":4,"minecraft:mossy_cobblestone":1,"minecraft:diamond":270,"minecraft:deepslate":1,"minecraft:cracked_polished_blackstone_bricks":2,"minecraft:crossbow":1,"minecraft:granite":32,"minecraft:breeze_rod":33,"minecraft:golden_apple":1,"minecraft:emerald":57,"minecraft:bread":117,"minecraft:oak_sapling":10,"minecraft:light_gray_carpet":3,"minecraft:netherrack":3516,"minecraft:oak_leaves":233,"minecraft:crimson_roots":8,"minecraft:diamond_pickaxe":18,"minecraft:crafting_table":6,"minecraft:splash_potion":1,"minecraft:ladder":6,"minecraft:nether_wart":15,"minecraft:brown_mushroom":1,"minecraft:gold_block":6,"minecraft:music_disc_creator":1,"minecraft:shield":5,"minecraft:wind_charge":58,"minecraft:oak_trapdoor":4,"minecraft:iron_axe":3,"minecraft:netherite_scrap":6,"minecraft:white_carpet":7,"minecraft:blackstone":53,"minecraft:cracked_stone_bricks":3,"minecraft:beef":62,"minecraft:oak_boat":9,"minecraft:chiseled_tuff":1,"minecraft:observer":4,"minecraft:iron_nugget":4,"minecraft:poppy":6,"minecraft:minecart":8,"minecraft:lectern":109,"minecraft:tinted_glass":34,"minecraft:sugar_cane":292,"minecraft:chest":62,"minecraft:birch_sapling":2,"minecraft:diamond_hoe":2,"minecraft:egg":4,"minecraft:raw_iron":25,"minecraft:end_stone":8,"minecraft:stone":11,"minecraft:fire_charge":1,"minecraft:mace":3,"minecraft:trident":2,"minecraft:carrot":119,"minecraft:redstone":438,"minecraft:iron_horse_armor":2,"minecraft:arrow":111,"minecraft:weeping_vines":4,"minecraft:diamond_chestplate":14,"minecraft:nether_bricks":8,"minecraft:diamond_boots":15,"minecraft:hay_block":39,"minecraft:flow_armor_trim_smithing_template":2,"minecraft:saddle":2,"minecraft:gold_ingot":7,"minecraft:tuff_bricks":35,"minecraft:rail":87,"minecraft:oxeye_daisy":1,"minecraft:basalt":3,"minecraft:golden_carrot":64,"minecraft:crimson_stem":32,"minecraft:salmon":2,"minecraft:leather":158,"minecraft:birch_planks":66,"minecraft:crimson_fungus":2,"minecraft:oak_log":259,"minecraft:cobblestone_wall":1,"minecraft:yellow_bed":7,"minecraft:nether_wart_block":2,"minecraft:gunpowder":18,"minecraft:paper":6,"minecraft:apple":9,"minecraft:stone_bricks":4,"minecraft:kelp":118,"minecraft:iron_ingot":79,"minecraft:stone_pickaxe":1,"minecraft:cooked_chicken":13,"minecraft:iron_sword":7,"minecraft:flowering_azalea":1,"minecraft:soul_sand":5,"minecraft:book":4,"minecraft:oak_slab":1,"minecraft:warped_fungus":2,"minecraft:quartz":50,"minecraft:dandelion":8,"minecraft:gravel":39,"minecraft:lava_bucket":7,"minecraft:white_bed":2,"minecraft:dragon_egg":1,"minecraft:spider_eye":4,"minecraft:diamond_shovel":10,"minecraft:stone_axe":2,"minecraft:short_grass":1,"minecraft:diamond_axe":14,"minecraft:baked_potato":2,"minecraft:warped_nylium":1,"minecraft:coal":91,"minecraft:chiseled_tuff_bricks":3,"minecraft:ender_pearl":33},"minecraft:mined":{"minecraft:white_bed":2,"minecraft:obsidian":2,"minecraft:granite":28,"minecraft:chiseled_polished_blackstone":1,"minecraft:grass_block":520,"minecraft:cracked_polished_blackstone_bricks":9,"minecraft:polished_blackstone_brick_slab":1,"minecraft:chiseled_tuff_bricks":3,"minecraft:composter":2,"minecraft:crimson_fungus":1,"minecraft:nether_wart":10,"minecraft:tuff_bricks":29,"minecraft:gilded_blackstone":1,"minecraft:weeping_vines_plant":2,"minecraft:polished_blackstone_bricks":5,"minecraft:smooth_stone":60,"minecraft:tall_seagrass":1,"minecraft:iron_ore":8,"minecraft:fire":107,"minecraft:cobbled_deepslate":32,"minecraft:polished_tuff":1,"minecraft:oak_sign":1,"minecraft:dirt_path":69,"minecraft:tripwire":1,"minecraft:deepslate_redstone_ore":41,"minecraft:blackstone":42,"minecraft:crimson_nylium":20,"minecraft:smoker":1,"minecraft:soul_fire":7,"minecraft:torch":2,"minecraft:poppy":2,"minecraft:chest":2,"minecraft:nether_quartz_ore":49,"minecraft:cobblestone":211,"minecraft:oak_planks":20,"minecraft:sugar_cane":14,"minecraft:grindstone":1,"minecraft:waxed_chiseled_copper":2,"minecraft:iron_door":1,"minecraft:wall_torch":2,"minecraft:seagrass":2,"minecraft:red_candle":2,"minecraft:birch_log":153,"minecraft:nether_wart_block":2,"minecraft:tinted_glass":15,"minecraft:wheat":45,"minecraft:warped_fungus":2,"minecraft:smooth_stone_slab":12,"minecraft:oak_log":63,"minecraft:waxed_oxidized_copper":1,"minecraft:sand":351,"minecraft:dirt":79,"minecraft:crimson_planks":7,"minecraft:netherrack":3516,"minecraft:oak_leaves":295,"minecraft:deepslate":880,"minecraft:nether_gold_ore":22,"minecraft:diamond_ore":5,"minecraft:tuff":119,"minecraft:mossy_cobblestone":1,"minecraft:deepslate_diamond_ore":170,"minecraft:end_stone":4,"minecraft:nether_bricks":7,"minecraft:cobbled_deepslate_slab":2,"minecraft:decorated_pot":3,"minecraft:crimson_roots":5,"minecraft:weeping_vines":2,"minecraft:crimson_stem":31,"minecraft:hay_block":39,"minecraft:oak_trapdoor":2,"minecraft:furnace":4,"minecraft:carrots":20,"minecraft:waxed_copper_grate":4,"minecraft:andesite":18,"minecraft:gold_block":5,"minecraft:bookshelf":1,"minecraft:potatoes":4,"minecraft:deepslate_iron_ore":18,"minecraft:vine":3,"minecraft:rail":51,"minecraft:white_tulip":1,"minecraft:stone":324,"minecraft:oak_slab":1,"minecraft:infested_stone_bricks":1,"minecraft:basalt":3,"minecraft:dandelion":4,"minecraft:observer":3,"minecraft:oak_fence":1,"minecraft:crafting_table":3,"minecraft:short_grass":190,"minecraft:lectern":109,"minecraft:copper_ore":2,"minecraft:tall_grass":6,"minecraft:lapis_ore":5,"minecraft:diorite":16,"minecraft:birch_planks":2,"minecraft:birch_leaves":6,"minecraft:bee_nest":1,"minecraft:yellow_bed":7,"minecraft:coal_ore":86,"minecraft:gravel":21,"minecraft:cracked_stone_bricks":3,"minecraft:stone_bricks":6,"minecraft:mossy_stone_bricks":3,"minecraft:fern":1},"minecraft:killed_by":{"minecraft:player":7,"minecraft:iron_golem":1}},"DataVersion":3953}